Pid,Name,Family,Type,Status,Laddr.IP,Laddr.Port,Raddr.IP,Raddr.Port,Timestamp,FlowId,ClientId,Fqdn
1572,svchost.exe,IPv4,TCP,LISTEN,0.0.0.0,135,0.0.0.0,0,2026-01-16T07:49:18Z,F.D5L3RI10KIT42.H,C.89b5e85d8e5759ff,Shetty
4,System,IPv4,TCP,LISTEN,10.19.234.77,139,0.0.0.0,0,2026-01-16T12:59:01Z,F.D5L3RI10KIT42.H,C.89b5e85d8e5759ff,Shetty
4,System,IPv4,TCP,LISTEN,172.18.224.1,139,0.0.0.0,0,2026-01-16T13:01:02Z,F.D5L3RI10KIT42.H,C.89b5e85d8e5759ff,Shetty
4,System,IPv4,TCP,LISTEN,192.168.56.1,139,0.0.0.0,0,2026-01-16T07:49:17Z,F.D5L3RI10KIT42.H,C.89b5e85d8e5759ff,Shetty
4,System,IPv4,TCP,LISTEN,192.168.64.1,139,0.0.0.0,0,2026-01-16T12:58:54Z,F.D5L3RI10KIT42.H,C.89b5e85d8e5759ff,Shetty
4,System,IPv4,TCP,LISTEN,192.168.217.1,139,0.0.0.0,0,2026-01-16T12:59:04Z,F.D5L3RI10KIT42.H,C.89b5e85d8e5759ff,Shetty
5776,vmware-authd.exe,IPv4,TCP,LISTEN,0.0.0.0,902,0.0.0.0,0,2026-01-16T07:49:19Z,F.D5L3RI10KIT42.H,C.89b5e85d8e5759ff,Shetty
5776,vmware-authd.exe,IPv4,TCP,LISTEN,0.0.0.0,912,0.0.0.0,0,2026-01-16T07:49:19Z,F.D5L3RI10KIT42.H,C.89b5e85d8e5759ff,Shetty
4080,svchost.exe,IPv4,TCP,LISTEN,0.0.0.0,5040,0.0.0.0,0,2026-01-16T13:28:25Z,F.D5L3RI10KIT42.H,C.89b5e85d8e5759ff,Shetty
4924,elastic-agent.exe,IPv4,TCP,LISTEN,127.0.0.1,6789,0.0.0.0,0,2026-01-16T07:49:21Z,F.D5L3RI10KIT42.H,C.89b5e85d8e5759ff,Shetty
4924,elastic-agent.exe,IPv4,TCP,ESTAB,127.0.0.1,6789,127.0.0.1,49728,2026-01-16T07:49:22Z,F.D5L3RI10KIT42.H,C.89b5e85d8e5759ff,Shetty
4924,elastic-agent.exe,IPv4,TCP,ESTAB,127.0.0.1,6789,127.0.0.1,51889,2026-01-16T12:18:51Z,F.D5L3RI10KIT42.H,C.89b5e85d8e5759ff,Shetty
4924,elastic-agent.exe,IPv4,TCP,ESTAB,127.0.0.1,6789,127.0.0.1,51871,2026-01-16T12:18:48Z,F.D5L3RI10KIT42.H,C.89b5e85d8e5759ff,Shetty
4924,elastic-agent.exe,IPv4,TCP,LISTEN,127.0.0.1,6791,0.0.0.0,0,2026-01-16T07:49:21Z,F.D5L3RI10KIT42.H,C.89b5e85d8e5759ff,Shetty
4924,elastic-agent.exe,IPv4,TCP,ESTAB,127.0.0.1,6791,127.0.0.1,50861,2026-01-16T13:28:24Z,F.D5L3RI10KIT42.H,C.89b5e85d8e5759ff,Shetty
16484,velociraptor-v0.75.1-windows-amd64.exe,IPv4,TCP,LISTEN,127.0.0.1,8000,0.0.0.0,0,2026-01-16T13:06:27Z,F.D5L3RI10KIT42.H,C.89b5e85d8e5759ff,Shetty
16484,velociraptor-v0.75.1-windows-amd64.exe,IPv4,TCP,ESTAB,127.0.0.1,8000,127.0.0.1,50866,2026-01-16T13:28:25Z,F.D5L3RI10KIT42.H,C.89b5e85d8e5759ff,Shetty
16484,velociraptor-v0.75.1-windows-amd64.exe,IPv4,TCP,ESTAB,127.0.0.1,8000,127.0.0.1,57265,2026-01-16T13:28:25Z,F.D5L3RI10KIT42.H,C.89b5e85d8e5759ff,Shetty
16484,velociraptor-v0.75.1-windows-amd64.exe,IPv4,TCP,ESTAB,127.0.0.1,8000,127.0.0.1,57272,2026-01-16T13:28:26Z,F.D5L3RI10KIT42.H,C.89b5e85d8e5759ff,Shetty
16484,velociraptor-v0.75.1-windows-amd64.exe,IPv4,TCP,ESTAB,127.0.0.1,8000,127.0.0.1,57284,2026-01-16T13:28:26Z,F.D5L3RI10KIT42.H,C.89b5e85d8e5759ff,Shetty
16484,velociraptor-v0.75.1-windows-amd64.exe,IPv4,TCP,ESTAB,127.0.0.1,8000,127.0.0.1,58808,2026-01-16T13:32:15Z,F.D5L3RI10KIT42.H,C.89b5e85d8e5759ff,Shetty
16484,velociraptor-v0.75.1-windows-amd64.exe,IPv4,TCP,ESTAB,127.0.0.1,8000,127.0.0.1,60169,2026-01-16T13:28:27Z,F.D5L3RI10KIT42.H,C.89b5e85d8e5759ff,Shetty
16484,velociraptor-v0.75.1-windows-amd64.exe,IPv4,TCP,LISTEN,127.0.0.1,8001,0.0.0.0,0,2026-01-16T13:06:27Z,F.D5L3RI10KIT42.H,C.89b5e85d8e5759ff,Shetty
16484,velociraptor-v0.75.1-windows-amd64.exe,IPv4,TCP,ESTAB,127.0.0.1,8001,127.0.0.1,59627,2026-01-16T13:06:27Z,F.D5L3RI10KIT42.H,C.89b5e85d8e5759ff,Shetty
16484,velociraptor-v0.75.1-windows-amd64.exe,IPv4,TCP,LISTEN,127.0.0.1,8003,0.0.0.0,0,2026-01-16T13:06:27Z,F.D5L3RI10KIT42.H,C.89b5e85d8e5759ff,Shetty
16484,velociraptor-v0.75.1-windows-amd64.exe,IPv4,TCP,LISTEN,127.0.0.1,8889,0.0.0.0,0,2026-01-16T13:06:27Z,F.D5L3RI10KIT42.H,C.89b5e85d8e5759ff,Shetty
16484,velociraptor-v0.75.1-windows-amd64.exe,IPv4,TCP,ESTAB,127.0.0.1,8889,127.0.0.1,51168,2026-01-16T13:34:32Z,F.D5L3RI10KIT42.H,C.89b5e85d8e5759ff,Shetty
0,,IPv4,TCP,TIME_WAIT,10.19.234.77,49192,20.189.173.23,443,1601-01-01T00:00:00Z,F.D5L3RI10KIT42.H,C.89b5e85d8e5759ff,Shetty
1252,lsass.exe,IPv4,TCP,LISTEN,0.0.0.0,49664,0.0.0.0,0,2026-01-16T07:49:18Z,F.D5L3RI10KIT42.H,C.89b5e85d8e5759ff,Shetty
1080,wininit.exe,IPv4,TCP,LISTEN,0.0.0.0,49665,0.0.0.0,0,2026-01-16T07:49:18Z,F.D5L3RI10KIT42.H,C.89b5e85d8e5759ff,Shetty
2156,svchost.exe,IPv4,TCP,LISTEN,0.0.0.0,49666,0.0.0.0,0,2026-01-16T07:49:18Z,F.D5L3RI10KIT42.H,C.89b5e85d8e5759ff,Shetty
2820,svchost.exe,IPv4,TCP,LISTEN,0.0.0.0,49667,0.0.0.0,0,2026-01-16T07:49:18Z,F.D5L3RI10KIT42.H,C.89b5e85d8e5759ff,Shetty
4060,spoolsv.exe,IPv4,TCP,LISTEN,0.0.0.0,49668,0.0.0.0,0,2026-01-16T07:49:19Z,F.D5L3RI10KIT42.H,C.89b5e85d8e5759ff,Shetty
2068,msedge.exe,IPv4,TCP,ESTAB,10.19.234.77,49670,172.188.155.25,443,2026-01-16T13:28:25Z,F.D5L3RI10KIT42.H,C.89b5e85d8e5759ff,Shetty
0,,IPv4,TCP,TIME_WAIT,10.19.234.77,49671,20.189.173.24,443,1601-01-01T00:00:00Z,F.D5L3RI10KIT42.H,C.89b5e85d8e5759ff,Shetty
0,,IPv4,TCP,TIME_WAIT,127.0.0.1,49672,127.0.0.1,8889,1601-01-01T00:00:00Z,F.D5L3RI10KIT42.H,C.89b5e85d8e5759ff,Shetty
7264,elastic-agent.exe,IPv4,TCP,LISTEN,127.0.0.1,49673,0.0.0.0,0,2026-01-16T07:49:22Z,F.D5L3RI10KIT42.H,C.89b5e85d8e5759ff,Shetty
7264,elastic-agent.exe,IPv4,TCP,ESTAB,127.0.0.1,49673,127.0.0.1,50864,2026-01-16T13:28:24Z,F.D5L3RI10KIT42.H,C.89b5e85d8e5759ff,Shetty
7264,elastic-agent.exe,IPv4,TCP,LISTEN,127.0.0.1,49674,0.0.0.0,0,2026-01-16T07:49:22Z,F.D5L3RI10KIT42.H,C.89b5e85d8e5759ff,Shetty
0,,IPv4,TCP,TIME_WAIT,127.0.0.1,49674,127.0.0.1,50471,1601-01-01T00:00:00Z,F.D5L3RI10KIT42.H,C.89b5e85d8e5759ff,Shetty
0,,IPv4,TCP,TIME_WAIT,127.0.0.1,49674,127.0.0.1,50473,1601-01-01T00:00:00Z,F.D5L3RI10KIT42.H,C.89b5e85d8e5759ff,Shetty
0,,IPv4,TCP,TIME_WAIT,127.0.0.1,49674,127.0.0.1,50476,1601-01-01T00:00:00Z,F.D5L3RI10KIT42.H,C.89b5e85d8e5759ff,Shetty
0,,IPv4,TCP,TIME_WAIT,127.0.0.1,49674,127.0.0.1,50478,1601-01-01T00:00:00Z,F.D5L3RI10KIT42.H,C.89b5e85d8e5759ff,Shetty
0,,IPv4,TCP,TIME_WAIT,127.0.0.1,49674,127.0.0.1,50480,1601-01-01T00:00:00Z,F.D5L3RI10KIT42.H,C.89b5e85d8e5759ff,Shetty
0,,IPv4,TCP,TIME_WAIT,127.0.0.1,49674,127.0.0.1,50482,1601-01-01T00:00:00Z,F.D5L3RI10KIT42.H,C.89b5e85d8e5759ff,Shetty
0,,IPv4,TCP,TIME_WAIT,127.0.0.1,49674,127.0.0.1,51820,1601-01-01T00:00:00Z,F.D5L3RI10KIT42.H,C.89b5e85d8e5759ff,Shetty
0,,IPv4,TCP,TIME_WAIT,127.0.0.1,49674,127.0.0.1,51822,1601-01-01T00:00:00Z,F.D5L3RI10KIT42.H,C.89b5e85d8e5759ff,Shetty
0,,IPv4,TCP,TIME_WAIT,127.0.0.1,49674,127.0.0.1,51830,1601-01-01T00:00:00Z,F.D5L3RI10KIT42.H,C.89b5e85d8e5759ff,Shetty
0,,IPv4,TCP,TIME_WAIT,127.0.0.1,49674,127.0.0.1,51832,1601-01-01T00:00:00Z,F.D5L3RI10KIT42.H,C.89b5e85d8e5759ff,Shetty
0,,IPv4,TCP,TIME_WAIT,127.0.0.1,49674,127.0.0.1,51834,1601-01-01T00:00:00Z,F.D5L3RI10KIT42.H,C.89b5e85d8e5759ff,Shetty
0,,IPv4,TCP,TIME_WAIT,127.0.0.1,49674,127.0.0.1,51836,1601-01-01T00:00:00Z,F.D5L3RI10KIT42.H,C.89b5e85d8e5759ff,Shetty
0,,IPv4,TCP,TIME_WAIT,127.0.0.1,49674,127.0.0.1,51839,1601-01-01T00:00:00Z,F.D5L3RI10KIT42.H,C.89b5e85d8e5759ff,Shetty
0,,IPv4,TCP,TIME_WAIT,127.0.0.1,49674,127.0.0.1,51841,1601-01-01T00:00:00Z,F.D5L3RI10KIT42.H,C.89b5e85d8e5759ff,Shetty
0,,IPv4,TCP,TIME_WAIT,127.0.0.1,49674,127.0.0.1,51843,1601-01-01T00:00:00Z,F.D5L3RI10KIT42.H,C.89b5e85d8e5759ff,Shetty
0,,IPv4,TCP,TIME_WAIT,127.0.0.1,49674,127.0.0.1,51847,1601-01-01T00:00:00Z,F.D5L3RI10KIT42.H,C.89b5e85d8e5759ff,Shetty
0,,IPv4,TCP,TIME_WAIT,127.0.0.1,49674,127.0.0.1,51849,1601-01-01T00:00:00Z,F.D5L3RI10KIT42.H,C.89b5e85d8e5759ff,Shetty
0,,IPv4,TCP,TIME_WAIT,127.0.0.1,49674,127.0.0.1,51851,1601-01-01T00:00:00Z,F.D5L3RI10KIT42.H,C.89b5e85d8e5759ff,Shetty
0,,IPv4,TCP,TIME_WAIT,127.0.0.1,49674,127.0.0.1,51854,1601-01-01T00:00:00Z,F.D5L3RI10KIT42.H,C.89b5e85d8e5759ff,Shetty
0,,IPv4,TCP,TIME_WAIT,127.0.0.1,49674,127.0.0.1,51856,1601-01-01T00:00:00Z,F.D5L3RI10KIT42.H,C.89b5e85d8e5759ff,Shetty
0,,IPv4,TCP,TIME_WAIT,127.0.0.1,49674,127.0.0.1,52818,1601-01-01T00:00:00Z,F.D5L3RI10KIT42.H,C.89b5e85d8e5759ff,Shetty
0,,IPv4,TCP,TIME_WAIT,127.0.0.1,49674,127.0.0.1,52820,1601-01-01T00:00:00Z,F.D5L3RI10KIT42.H,C.89b5e85d8e5759ff,Shetty
0,,IPv4,TCP,TIME_WAIT,127.0.0.1,49674,127.0.0.1,52822,1601-01-01T00:00:00Z,F.D5L3RI10KIT42.H,C.89b5e85d8e5759ff,Shetty
0,,IPv4,TCP,TIME_WAIT,127.0.0.1,49674,127.0.0.1,52824,1601-01-01T00:00:00Z,F.D5L3RI10KIT42.H,C.89b5e85d8e5759ff,Shetty
0,,IPv4,TCP,TIME_WAIT,127.0.0.1,49674,127.0.0.1,52826,1601-01-01T00:00:00Z,F.D5L3RI10KIT42.H,C.89b5e85d8e5759ff,Shetty
0,,IPv4,TCP,TIME_WAIT,127.0.0.1,49674,127.0.0.1,52828,1601-01-01T00:00:00Z,F.D5L3RI10KIT42.H,C.89b5e85d8e5759ff,Shetty
0,,IPv4,TCP,TIME_WAIT,127.0.0.1,49674,127.0.0.1,52830,1601-01-01T00:00:00Z,F.D5L3RI10KIT42.H,C.89b5e85d8e5759ff,Shetty
0,,IPv4,TCP,TIME_WAIT,127.0.0.1,49674,127.0.0.1,52832,1601-01-01T00:00:00Z,F.D5L3RI10KIT42.H,C.89b5e85d8e5759ff,Shetty
0,,IPv4,TCP,TIME_WAIT,127.0.0.1,49674,127.0.0.1,52837,1601-01-01T00:00:00Z,F.D5L3RI10KIT42.H,C.89b5e85d8e5759ff,Shetty
0,,IPv4,TCP,TIME_WAIT,127.0.0.1,49674,127.0.0.1,52839,1601-01-01T00:00:00Z,F.D5L3RI10KIT42.H,C.89b5e85d8e5759ff,Shetty
0,,IPv4,TCP,TIME_WAIT,127.0.0.1,49674,127.0.0.1,52840,1601-01-01T00:00:00Z,F.D5L3RI10KIT42.H,C.89b5e85d8e5759ff,Shetty
0,,IPv4,TCP,TIME_WAIT,127.0.0.1,49674,127.0.0.1,52843,1601-01-01T00:00:00Z,F.D5L3RI10KIT42.H,C.89b5e85d8e5759ff,Shetty
0,,IPv4,TCP,TIME_WAIT,127.0.0.1,49674,127.0.0.1,52844,1601-01-01T00:00:00Z,F.D5L3RI10KIT42.H,C.89b5e85d8e5759ff,Shetty
0,,IPv4,TCP,TIME_WAIT,127.0.0.1,49674,127.0.0.1,52847,1601-01-01T00:00:00Z,F.D5L3RI10KIT42.H,C.89b5e85d8e5759ff,Shetty
0,,IPv4,TCP,TIME_WAIT,127.0.0.1,49674,127.0.0.1,52848,1601-01-01T00:00:00Z,F.D5L3RI10KIT42.H,C.89b5e85d8e5759ff,Shetty
0,,IPv4,TCP,TIME_WAIT,127.0.0.1,49674,127.0.0.1,52849,1601-01-01T00:00:00Z,F.D5L3RI10KIT42.H,C.89b5e85d8e5759ff,Shetty
0,,IPv4,TCP,TIME_WAIT,127.0.0.1,49674,127.0.0.1,52853,1601-01-01T00:00:00Z,F.D5L3RI10KIT42.H,C.89b5e85d8e5759ff,Shetty
0,,IPv4,TCP,TIME_WAIT,127.0.0.1,49674,127.0.0.1,52854,1601-01-01T00:00:00Z,F.D5L3RI10KIT42.H,C.89b5e85d8e5759ff,Shetty
0,,IPv4,TCP,TIME_WAIT,127.0.0.1,49674,127.0.0.1,52855,1601-01-01T00:00:00Z,F.D5L3RI10KIT42.H,C.89b5e85d8e5759ff,Shetty
0,,IPv4,TCP,TIME_WAIT,127.0.0.1,49674,127.0.0.1,52857,1601-01-01T00:00:00Z,F.D5L3RI10KIT42.H,C.89b5e85d8e5759ff,Shetty
0,,IPv4,TCP,TIME_WAIT,127.0.0.1,49674,127.0.0.1,52861,1601-01-01T00:00:00Z,F.D5L3RI10KIT42.H,C.89b5e85d8e5759ff,Shetty
0,,IPv4,TCP,TIME_WAIT,127.0.0.1,49674,127.0.0.1,52863,1601-01-01T00:00:00Z,F.D5L3RI10KIT42.H,C.89b5e85d8e5759ff,Shetty
0,,IPv4,TCP,TIME_WAIT,127.0.0.1,49674,127.0.0.1,52865,1601-01-01T00:00:00Z,F.D5L3RI10KIT42.H,C.89b5e85d8e5759ff,Shetty
0,,IPv4,TCP,TIME_WAIT,127.0.0.1,49674,127.0.0.1,52867,1601-01-01T00:00:00Z,F.D5L3RI10KIT42.H,C.89b5e85d8e5759ff,Shetty
0,,IPv4,TCP,TIME_WAIT,127.0.0.1,49674,127.0.0.1,53430,1601-01-01T00:00:00Z,F.D5L3RI10KIT42.H,C.89b5e85d8e5759ff,Shetty
0,,IPv4,TCP,TIME_WAIT,127.0.0.1,49674,127.0.0.1,54159,1601-01-01T00:00:00Z,F.D5L3RI10KIT42.H,C.89b5e85d8e5759ff,Shetty
0,,IPv4,TCP,TIME_WAIT,127.0.0.1,49674,127.0.0.1,54792,1601-01-01T00:00:00Z,F.D5L3RI10KIT42.H,C.89b5e85d8e5759ff,Shetty
0,,IPv4,TCP,TIME_WAIT,127.0.0.1,49674,127.0.0.1,54794,1601-01-01T00:00:00Z,F.D5L3RI10KIT42.H,C.89b5e85d8e5759ff,Shetty
0,,IPv4,TCP,TIME_WAIT,127.0.0.1,49674,127.0.0.1,54795,1601-01-01T00:00:00Z,F.D5L3RI10KIT42.H,C.89b5e85d8e5759ff,Shetty
0,,IPv4,TCP,TIME_WAIT,127.0.0.1,49674,127.0.0.1,54797,1601-01-01T00:00:00Z,F.D5L3RI10KIT42.H,C.89b5e85d8e5759ff,Shetty
0,,IPv4,TCP,TIME_WAIT,127.0.0.1,49674,127.0.0.1,54799,1601-01-01T00:00:00Z,F.D5L3RI10KIT42.H,C.89b5e85d8e5759ff,Shetty
0,,IPv4,TCP,TIME_WAIT,127.0.0.1,49674,127.0.0.1,54803,1601-01-01T00:00:00Z,F.D5L3RI10KIT42.H,C.89b5e85d8e5759ff,Shetty
0,,IPv4,TCP,TIME_WAIT,127.0.0.1,49674,127.0.0.1,54806,1601-01-01T00:00:00Z,F.D5L3RI10KIT42.H,C.89b5e85d8e5759ff,Shetty
0,,IPv4,TCP,TIME_WAIT,127.0.0.1,49674,127.0.0.1,54810,1601-01-01T00:00:00Z,F.D5L3RI10KIT42.H,C.89b5e85d8e5759ff,Shetty
0,,IPv4,TCP,TIME_WAIT,127.0.0.1,49674,127.0.0.1,54812,1601-01-01T00:00:00Z,F.D5L3RI10KIT42.H,C.89b5e85d8e5759ff,Shetty
0,,IPv4,TCP,TIME_WAIT,127.0.0.1,49674,127.0.0.1,54814,1601-01-01T00:00:00Z,F.D5L3RI10KIT42.H,C.89b5e85d8e5759ff,Shetty
0,,IPv4,TCP,TIME_WAIT,127.0.0.1,49674,127.0.0.1,54816,1601-01-01T00:00:00Z,F.D5L3RI10KIT42.H,C.89b5e85d8e5759ff,Shetty
0,,IPv4,TCP,TIME_WAIT,127.0.0.1,49674,127.0.0.1,54818,1601-01-01T00:00:00Z,F.D5L3RI10KIT42.H,C.89b5e85d8e5759ff,Shetty
0,,IPv4,TCP,TIME_WAIT,127.0.0.1,49674,127.0.0.1,54820,1601-01-01T00:00:00Z,F.D5L3RI10KIT42.H,C.89b5e85d8e5759ff,Shetty
0,,IPv4,TCP,TIME_WAIT,127.0.0.1,49674,127.0.0.1,54822,1601-01-01T00:00:00Z,F.D5L3RI10KIT42.H,C.89b5e85d8e5759ff,Shetty
0,,IPv4,TCP,TIME_WAIT,127.0.0.1,49674,127.0.0.1,54826,1601-01-01T00:00:00Z,F.D5L3RI10KIT42.H,C.89b5e85d8e5759ff,Shetty
0,,IPv4,TCP,TIME_WAIT,127.0.0.1,49674,127.0.0.1,54828,1601-01-01T00:00:00Z,F.D5L3RI10KIT42.H,C.89b5e85d8e5759ff,Shetty
0,,IPv4,TCP,TIME_WAIT,127.0.0.1,49674,127.0.0.1,54830,1601-01-01T00:00:00Z,F.D5L3RI10KIT42.H,C.89b5e85d8e5759ff,Shetty
0,,IPv4,TCP,TIME_WAIT,127.0.0.1,49674,127.0.0.1,54832,1601-01-01T00:00:00Z,F.D5L3RI10KIT42.H,C.89b5e85d8e5759ff,Shetty
0,,IPv4,TCP,TIME_WAIT,127.0.0.1,49674,127.0.0.1,54834,1601-01-01T00:00:00Z,F.D5L3RI10KIT42.H,C.89b5e85d8e5759ff,Shetty
0,,IPv4,TCP,TIME_WAIT,127.0.0.1,49674,127.0.0.1,55744,1601-01-01T00:00:00Z,F.D5L3RI10KIT42.H,C.89b5e85d8e5759ff,Shetty
0,,IPv4,TCP,TIME_WAIT,127.0.0.1,49674,127.0.0.1,55746,1601-01-01T00:00:00Z,F.D5L3RI10KIT42.H,C.89b5e85d8e5759ff,Shetty
0,,IPv4,TCP,TIME_WAIT,127.0.0.1,49674,127.0.0.1,56629,1601-01-01T00:00:00Z,F.D5L3RI10KIT42.H,C.89b5e85d8e5759ff,Shetty
0,,IPv4,TCP,TIME_WAIT,127.0.0.1,49674,127.0.0.1,56742,1601-01-01T00:00:00Z,F.D5L3RI10KIT42.H,C.89b5e85d8e5759ff,Shetty
0,,IPv4,TCP,TIME_WAIT,127.0.0.1,49674,127.0.0.1,56744,1601-01-01T00:00:00Z,F.D5L3RI10KIT42.H,C.89b5e85d8e5759ff,Shetty
0,,IPv4,TCP,TIME_WAIT,127.0.0.1,49674,127.0.0.1,56746,1601-01-01T00:00:00Z,F.D5L3RI10KIT42.H,C.89b5e85d8e5759ff,Shetty
0,,IPv4,TCP,TIME_WAIT,127.0.0.1,49674,127.0.0.1,56748,1601-01-01T00:00:00Z,F.D5L3RI10KIT42.H,C.89b5e85d8e5759ff,Shetty
0,,IPv4,TCP,TIME_WAIT,127.0.0.1,49674,127.0.0.1,56750,1601-01-01T00:00:00Z,F.D5L3RI10KIT42.H,C.89b5e85d8e5759ff,Shetty
0,,IPv4,TCP,TIME_WAIT,127.0.0.1,49674,127.0.0.1,56752,1601-01-01T00:00:00Z,F.D5L3RI10KIT42.H,C.89b5e85d8e5759ff,Shetty
0,,IPv4,TCP,TIME_WAIT,127.0.0.1,49674,127.0.0.1,56754,1601-01-01T00:00:00Z,F.D5L3RI10KIT42.H,C.89b5e85d8e5759ff,Shetty
0,,IPv4,TCP,TIME_WAIT,127.0.0.1,49674,127.0.0.1,56756,1601-01-01T00:00:00Z,F.D5L3RI10KIT42.H,C.89b5e85d8e5759ff,Shetty
0,,IPv4,TCP,TIME_WAIT,127.0.0.1,49674,127.0.0.1,56759,1601-01-01T00:00:00Z,F.D5L3RI10KIT42.H,C.89b5e85d8e5759ff,Shetty
0,,IPv4,TCP,TIME_WAIT,127.0.0.1,49674,127.0.0.1,56761,1601-01-01T00:00:00Z,F.D5L3RI10KIT42.H,C.89b5e85d8e5759ff,Shetty
0,,IPv4,TCP,TIME_WAIT,127.0.0.1,49674,127.0.0.1,56763,1601-01-01T00:00:00Z,F.D5L3RI10KIT42.H,C.89b5e85d8e5759ff,Shetty
0,,IPv4,TCP,TIME_WAIT,127.0.0.1,49674,127.0.0.1,56765,1601-01-01T00:00:00Z,F.D5L3RI10KIT42.H,C.89b5e85d8e5759ff,Shetty
0,,IPv4,TCP,TIME_WAIT,127.0.0.1,49674,127.0.0.1,56767,1601-01-01T00:00:00Z,F.D5L3RI10KIT42.H,C.89b5e85d8e5759ff,Shetty
0,,IPv4,TCP,TIME_WAIT,127.0.0.1,49674,127.0.0.1,56769,1601-01-01T00:00:00Z,F.D5L3RI10KIT42.H,C.89b5e85d8e5759ff,Shetty
0,,IPv4,TCP,TIME_WAIT,127.0.0.1,49674,127.0.0.1,57324,1601-01-01T00:00:00Z,F.D5L3RI10KIT42.H,C.89b5e85d8e5759ff,Shetty
0,,IPv4,TCP,TIME_WAIT,127.0.0.1,49674,127.0.0.1,57328,1601-01-01T00:00:00Z,F.D5L3RI10KIT42.H,C.89b5e85d8e5759ff,Shetty
0,,IPv4,TCP,TIME_WAIT,127.0.0.1,49674,127.0.0.1,57330,1601-01-01T00:00:00Z,F.D5L3RI10KIT42.H,C.89b5e85d8e5759ff,Shetty
0,,IPv4,TCP,TIME_WAIT,127.0.0.1,49674,127.0.0.1,57334,1601-01-01T00:00:00Z,F.D5L3RI10KIT42.H,C.89b5e85d8e5759ff,Shetty
0,,IPv4,TCP,TIME_WAIT,127.0.0.1,49674,127.0.0.1,57336,1601-01-01T00:00:00Z,F.D5L3RI10KIT42.H,C.89b5e85d8e5759ff,Shetty
0,,IPv4,TCP,TIME_WAIT,127.0.0.1,49674,127.0.0.1,57338,1601-01-01T00:00:00Z,F.D5L3RI10KIT42.H,C.89b5e85d8e5759ff,Shetty
0,,IPv4,TCP,TIME_WAIT,127.0.0.1,49674,127.0.0.1,57340,1601-01-01T00:00:00Z,F.D5L3RI10KIT42.H,C.89b5e85d8e5759ff,Shetty
0,,IPv4,TCP,TIME_WAIT,127.0.0.1,49674,127.0.0.1,57342,1601-01-01T00:00:00Z,F.D5L3RI10KIT42.H,C.89b5e85d8e5759ff,Shetty
0,,IPv4,TCP,TIME_WAIT,127.0.0.1,49674,127.0.0.1,57344,1601-01-01T00:00:00Z,F.D5L3RI10KIT42.H,C.89b5e85d8e5759ff,Shetty
0,,IPv4,TCP,TIME_WAIT,127.0.0.1,49674,127.0.0.1,57346,1601-01-01T00:00:00Z,F.D5L3RI10KIT42.H,C.89b5e85d8e5759ff,Shetty
0,,IPv4,TCP,TIME_WAIT,127.0.0.1,49674,127.0.0.1,57350,1601-01-01T00:00:00Z,F.D5L3RI10KIT42.H,C.89b5e85d8e5759ff,Shetty
0,,IPv4,TCP,TIME_WAIT,127.0.0.1,49674,127.0.0.1,57354,1601-01-01T00:00:00Z,F.D5L3RI10KIT42.H,C.89b5e85d8e5759ff,Shetty
0,,IPv4,TCP,TIME_WAIT,127.0.0.1,49674,127.0.0.1,57379,1601-01-01T00:00:00Z,F.D5L3RI10KIT42.H,C.89b5e85d8e5759ff,Shetty
0,,IPv4,TCP,TIME_WAIT,127.0.0.1,49674,127.0.0.1,57381,1601-01-01T00:00:00Z,F.D5L3RI10KIT42.H,C.89b5e85d8e5759ff,Shetty
0,,IPv4,TCP,TIME_WAIT,127.0.0.1,49674,127.0.0.1,57383,1601-01-01T00:00:00Z,F.D5L3RI10KIT42.H,C.89b5e85d8e5759ff,Shetty
0,,IPv4,TCP,TIME_WAIT,127.0.0.1,49674,127.0.0.1,57385,1601-01-01T00:00:00Z,F.D5L3RI10KIT42.H,C.89b5e85d8e5759ff,Shetty
0,,IPv4,TCP,TIME_WAIT,127.0.0.1,49674,127.0.0.1,57389,1601-01-01T00:00:00Z,F.D5L3RI10KIT42.H,C.89b5e85d8e5759ff,Shetty
0,,IPv4,TCP,TIME_WAIT,127.0.0.1,49674,127.0.0.1,57395,1601-01-01T00:00:00Z,F.D5L3RI10KIT42.H,C.89b5e85d8e5759ff,Shetty
0,,IPv4,TCP,TIME_WAIT,127.0.0.1,49674,127.0.0.1,57397,1601-01-01T00:00:00Z,F.D5L3RI10KIT42.H,C.89b5e85d8e5759ff,Shetty
0,,IPv4,TCP,TIME_WAIT,127.0.0.1,49674,127.0.0.1,57399,1601-01-01T00:00:00Z,F.D5L3RI10KIT42.H,C.89b5e85d8e5759ff,Shetty
0,,IPv4,TCP,TIME_WAIT,127.0.0.1,49674,127.0.0.1,57401,1601-01-01T00:00:00Z,F.D5L3RI10KIT42.H,C.89b5e85d8e5759ff,Shetty
0,,IPv4,TCP,TIME_WAIT,127.0.0.1,49674,127.0.0.1,57403,1601-01-01T00:00:00Z,F.D5L3RI10KIT42.H,C.89b5e85d8e5759ff,Shetty
0,,IPv4,TCP,TIME_WAIT,127.0.0.1,49674,127.0.0.1,57406,1601-01-01T00:00:00Z,F.D5L3RI10KIT42.H,C.89b5e85d8e5759ff,Shetty
0,,IPv4,TCP,TIME_WAIT,127.0.0.1,49674,127.0.0.1,58574,1601-01-01T00:00:00Z,F.D5L3RI10KIT42.H,C.89b5e85d8e5759ff,Shetty
0,,IPv4,TCP,TIME_WAIT,127.0.0.1,49674,127.0.0.1,58771,1601-01-01T00:00:00Z,F.D5L3RI10KIT42.H,C.89b5e85d8e5759ff,Shetty
0,,IPv4,TCP,TIME_WAIT,127.0.0.1,49674,127.0.0.1,58773,1601-01-01T00:00:00Z,F.D5L3RI10KIT42.H,C.89b5e85d8e5759ff,Shetty
0,,IPv4,TCP,TIME_WAIT,127.0.0.1,49674,127.0.0.1,58781,1601-01-01T00:00:00Z,F.D5L3RI10KIT42.H,C.89b5e85d8e5759ff,Shetty
0,,IPv4,TCP,TIME_WAIT,127.0.0.1,49674,127.0.0.1,58783,1601-01-01T00:00:00Z,F.D5L3RI10KIT42.H,C.89b5e85d8e5759ff,Shetty
0,,IPv4,TCP,TIME_WAIT,127.0.0.1,49674,127.0.0.1,58795,1601-01-01T00:00:00Z,F.D5L3RI10KIT42.H,C.89b5e85d8e5759ff,Shetty
0,,IPv4,TCP,TIME_WAIT,127.0.0.1,49674,127.0.0.1,58799,1601-01-01T00:00:00Z,F.D5L3RI10KIT42.H,C.89b5e85d8e5759ff,Shetty
0,,IPv4,TCP,TIME_WAIT,127.0.0.1,49674,127.0.0.1,58811,1601-01-01T00:00:00Z,F.D5L3RI10KIT42.H,C.89b5e85d8e5759ff,Shetty
0,,IPv4,TCP,TIME_WAIT,127.0.0.1,49674,127.0.0.1,58814,1601-01-01T00:00:00Z,F.D5L3RI10KIT42.H,C.89b5e85d8e5759ff,Shetty
0,,IPv4,TCP,TIME_WAIT,127.0.0.1,49674,127.0.0.1,58817,1601-01-01T00:00:00Z,F.D5L3RI10KIT42.H,C.89b5e85d8e5759ff,Shetty
0,,IPv4,TCP,TIME_WAIT,127.0.0.1,49674,127.0.0.1,59134,1601-01-01T00:00:00Z,F.D5L3RI10KIT42.H,C.89b5e85d8e5759ff,Shetty
0,,IPv4,TCP,TIME_WAIT,127.0.0.1,49674,127.0.0.1,59136,1601-01-01T00:00:00Z,F.D5L3RI10KIT42.H,C.89b5e85d8e5759ff,Shetty
0,,IPv4,TCP,TIME_WAIT,127.0.0.1,49674,127.0.0.1,59138,1601-01-01T00:00:00Z,F.D5L3RI10KIT42.H,C.89b5e85d8e5759ff,Shetty
0,,IPv4,TCP,TIME_WAIT,127.0.0.1,49674,127.0.0.1,59140,1601-01-01T00:00:00Z,F.D5L3RI10KIT42.H,C.89b5e85d8e5759ff,Shetty
0,,IPv4,TCP,TIME_WAIT,127.0.0.1,49674,127.0.0.1,59142,1601-01-01T00:00:00Z,F.D5L3RI10KIT42.H,C.89b5e85d8e5759ff,Shetty
0,,IPv4,TCP,TIME_WAIT,127.0.0.1,49674,127.0.0.1,59150,1601-01-01T00:00:00Z,F.D5L3RI10KIT42.H,C.89b5e85d8e5759ff,Shetty
0,,IPv4,TCP,TIME_WAIT,127.0.0.1,49674,127.0.0.1,59152,1601-01-01T00:00:00Z,F.D5L3RI10KIT42.H,C.89b5e85d8e5759ff,Shetty
0,,IPv4,TCP,TIME_WAIT,127.0.0.1,49674,127.0.0.1,59154,1601-01-01T00:00:00Z,F.D5L3RI10KIT42.H,C.89b5e85d8e5759ff,Shetty
0,,IPv4,TCP,TIME_WAIT,127.0.0.1,49674,127.0.0.1,59156,1601-01-01T00:00:00Z,F.D5L3RI10KIT42.H,C.89b5e85d8e5759ff,Shetty
0,,IPv4,TCP,TIME_WAIT,127.0.0.1,49674,127.0.0.1,59158,1601-01-01T00:00:00Z,F.D5L3RI10KIT42.H,C.89b5e85d8e5759ff,Shetty
0,,IPv4,TCP,TIME_WAIT,127.0.0.1,49674,127.0.0.1,59160,1601-01-01T00:00:00Z,F.D5L3RI10KIT42.H,C.89b5e85d8e5759ff,Shetty
0,,IPv4,TCP,TIME_WAIT,127.0.0.1,49674,127.0.0.1,59162,1601-01-01T00:00:00Z,F.D5L3RI10KIT42.H,C.89b5e85d8e5759ff,Shetty
0,,IPv4,TCP,TIME_WAIT,127.0.0.1,49674,127.0.0.1,59164,1601-01-01T00:00:00Z,F.D5L3RI10KIT42.H,C.89b5e85d8e5759ff,Shetty
0,,IPv4,TCP,TIME_WAIT,127.0.0.1,49674,127.0.0.1,59168,1601-01-01T00:00:00Z,F.D5L3RI10KIT42.H,C.89b5e85d8e5759ff,Shetty
0,,IPv4,TCP,TIME_WAIT,127.0.0.1,49674,127.0.0.1,59170,1601-01-01T00:00:00Z,F.D5L3RI10KIT42.H,C.89b5e85d8e5759ff,Shetty
0,,IPv4,TCP,TIME_WAIT,127.0.0.1,49674,127.0.0.1,59172,1601-01-01T00:00:00Z,F.D5L3RI10KIT42.H,C.89b5e85d8e5759ff,Shetty
0,,IPv4,TCP,TIME_WAIT,127.0.0.1,49674,127.0.0.1,59174,1601-01-01T00:00:00Z,F.D5L3RI10KIT42.H,C.89b5e85d8e5759ff,Shetty
0,,IPv4,TCP,TIME_WAIT,127.0.0.1,49674,127.0.0.1,59229,1601-01-01T00:00:00Z,F.D5L3RI10KIT42.H,C.89b5e85d8e5759ff,Shetty
0,,IPv4,TCP,TIME_WAIT,127.0.0.1,49674,127.0.0.1,59231,1601-01-01T00:00:00Z,F.D5L3RI10KIT42.H,C.89b5e85d8e5759ff,Shetty
0,,IPv4,TCP,TIME_WAIT,127.0.0.1,49674,127.0.0.1,59233,1601-01-01T00:00:00Z,F.D5L3RI10KIT42.H,C.89b5e85d8e5759ff,Shetty
0,,IPv4,TCP,TIME_WAIT,127.0.0.1,49674,127.0.0.1,59235,1601-01-01T00:00:00Z,F.D5L3RI10KIT42.H,C.89b5e85d8e5759ff,Shetty
0,,IPv4,TCP,TIME_WAIT,127.0.0.1,49674,127.0.0.1,59237,1601-01-01T00:00:00Z,F.D5L3RI10KIT42.H,C.89b5e85d8e5759ff,Shetty
0,,IPv4,TCP,TIME_WAIT,127.0.0.1,49674,127.0.0.1,59239,1601-01-01T00:00:00Z,F.D5L3RI10KIT42.H,C.89b5e85d8e5759ff,Shetty
0,,IPv4,TCP,TIME_WAIT,127.0.0.1,49674,127.0.0.1,59242,1601-01-01T00:00:00Z,F.D5L3RI10KIT42.H,C.89b5e85d8e5759ff,Shetty
0,,IPv4,TCP,TIME_WAIT,127.0.0.1,49674,127.0.0.1,59244,1601-01-01T00:00:00Z,F.D5L3RI10KIT42.H,C.89b5e85d8e5759ff,Shetty
0,,IPv4,TCP,TIME_WAIT,127.0.0.1,49674,127.0.0.1,59246,1601-01-01T00:00:00Z,F.D5L3RI10KIT42.H,C.89b5e85d8e5759ff,Shetty
0,,IPv4,TCP,TIME_WAIT,127.0.0.1,49674,127.0.0.1,59250,1601-01-01T00:00:00Z,F.D5L3RI10KIT42.H,C.89b5e85d8e5759ff,Shetty
0,,IPv4,TCP,TIME_WAIT,127.0.0.1,49674,127.0.0.1,59252,1601-01-01T00:00:00Z,F.D5L3RI10KIT42.H,C.89b5e85d8e5759ff,Shetty
0,,IPv4,TCP,TIME_WAIT,127.0.0.1,49674,127.0.0.1,59256,1601-01-01T00:00:00Z,F.D5L3RI10KIT42.H,C.89b5e85d8e5759ff,Shetty
0,,IPv4,TCP,TIME_WAIT,127.0.0.1,49674,127.0.0.1,59258,1601-01-01T00:00:00Z,F.D5L3RI10KIT42.H,C.89b5e85d8e5759ff,Shetty
0,,IPv4,TCP,TIME_WAIT,127.0.0.1,49674,127.0.0.1,59260,1601-01-01T00:00:00Z,F.D5L3RI10KIT42.H,C.89b5e85d8e5759ff,Shetty
0,,IPv4,TCP,TIME_WAIT,127.0.0.1,49674,127.0.0.1,59264,1601-01-01T00:00:00Z,F.D5L3RI10KIT42.H,C.89b5e85d8e5759ff,Shetty
0,,IPv4,TCP,TIME_WAIT,127.0.0.1,49674,127.0.0.1,59266,1601-01-01T00:00:00Z,F.D5L3RI10KIT42.H,C.89b5e85d8e5759ff,Shetty
0,,IPv4,TCP,TIME_WAIT,127.0.0.1,49674,127.0.0.1,59268,1601-01-01T00:00:00Z,F.D5L3RI10KIT42.H,C.89b5e85d8e5759ff,Shetty
0,,IPv4,TCP,TIME_WAIT,127.0.0.1,49674,127.0.0.1,61144,1601-01-01T00:00:00Z,F.D5L3RI10KIT42.H,C.89b5e85d8e5759ff,Shetty
0,,IPv4,TCP,TIME_WAIT,127.0.0.1,49674,127.0.0.1,61146,1601-01-01T00:00:00Z,F.D5L3RI10KIT42.H,C.89b5e85d8e5759ff,Shetty
0,,IPv4,TCP,TIME_WAIT,127.0.0.1,49674,127.0.0.1,61148,1601-01-01T00:00:00Z,F.D5L3RI10KIT42.H,C.89b5e85d8e5759ff,Shetty
0,,IPv4,TCP,TIME_WAIT,127.0.0.1,49674,127.0.0.1,61150,1601-01-01T00:00:00Z,F.D5L3RI10KIT42.H,C.89b5e85d8e5759ff,Shetty
0,,IPv4,TCP,TIME_WAIT,127.0.0.1,49674,127.0.0.1,61152,1601-01-01T00:00:00Z,F.D5L3RI10KIT42.H,C.89b5e85d8e5759ff,Shetty
0,,IPv4,TCP,TIME_WAIT,127.0.0.1,49674,127.0.0.1,61156,1601-01-01T00:00:00Z,F.D5L3RI10KIT42.H,C.89b5e85d8e5759ff,Shetty
0,,IPv4,TCP,TIME_WAIT,127.0.0.1,49674,127.0.0.1,61158,1601-01-01T00:00:00Z,F.D5L3RI10KIT42.H,C.89b5e85d8e5759ff,Shetty
0,,IPv4,TCP,TIME_WAIT,127.0.0.1,49674,127.0.0.1,61160,1601-01-01T00:00:00Z,F.D5L3RI10KIT42.H,C.89b5e85d8e5759ff,Shetty
0,,IPv4,TCP,TIME_WAIT,127.0.0.1,49674,127.0.0.1,61162,1601-01-01T00:00:00Z,F.D5L3RI10KIT42.H,C.89b5e85d8e5759ff,Shetty
0,,IPv4,TCP,TIME_WAIT,127.0.0.1,49674,127.0.0.1,61333,1601-01-01T00:00:00Z,F.D5L3RI10KIT42.H,C.89b5e85d8e5759ff,Shetty
0,,IPv4,TCP,TIME_WAIT,127.0.0.1,49674,127.0.0.1,62635,1601-01-01T00:00:00Z,F.D5L3RI10KIT42.H,C.89b5e85d8e5759ff,Shetty
0,,IPv4,TCP,TIME_WAIT,127.0.0.1,49674,127.0.0.1,62637,1601-01-01T00:00:00Z,F.D5L3RI10KIT42.H,C.89b5e85d8e5759ff,Shetty
0,,IPv4,TCP,TIME_WAIT,127.0.0.1,49674,127.0.0.1,62639,1601-01-01T00:00:00Z,F.D5L3RI10KIT42.H,C.89b5e85d8e5759ff,Shetty
0,,IPv4,TCP,TIME_WAIT,127.0.0.1,49674,127.0.0.1,62641,1601-01-01T00:00:00Z,F.D5L3RI10KIT42.H,C.89b5e85d8e5759ff,Shetty
0,,IPv4,TCP,TIME_WAIT,127.0.0.1,49674,127.0.0.1,62717,1601-01-01T00:00:00Z,F.D5L3RI10KIT42.H,C.89b5e85d8e5759ff,Shetty
0,,IPv4,TCP,TIME_WAIT,127.0.0.1,49674,127.0.0.1,62719,1601-01-01T00:00:00Z,F.D5L3RI10KIT42.H,C.89b5e85d8e5759ff,Shetty
0,,IPv4,TCP,TIME_WAIT,127.0.0.1,49674,127.0.0.1,62723,1601-01-01T00:00:00Z,F.D5L3RI10KIT42.H,C.89b5e85d8e5759ff,Shetty
0,,IPv4,TCP,TIME_WAIT,127.0.0.1,49674,127.0.0.1,62738,1601-01-01T00:00:00Z,F.D5L3RI10KIT42.H,C.89b5e85d8e5759ff,Shetty
0,,IPv4,TCP,TIME_WAIT,127.0.0.1,49674,127.0.0.1,62742,1601-01-01T00:00:00Z,F.D5L3RI10KIT42.H,C.89b5e85d8e5759ff,Shetty
0,,IPv4,TCP,TIME_WAIT,127.0.0.1,49674,127.0.0.1,62746,1601-01-01T00:00:00Z,F.D5L3RI10KIT42.H,C.89b5e85d8e5759ff,Shetty
0,,IPv4,TCP,TIME_WAIT,127.0.0.1,49674,127.0.0.1,62750,1601-01-01T00:00:00Z,F.D5L3RI10KIT42.H,C.89b5e85d8e5759ff,Shetty
0,,IPv4,TCP,TIME_WAIT,127.0.0.1,49674,127.0.0.1,62752,1601-01-01T00:00:00Z,F.D5L3RI10KIT42.H,C.89b5e85d8e5759ff,Shetty
0,,IPv4,TCP,TIME_WAIT,127.0.0.1,49674,127.0.0.1,62754,1601-01-01T00:00:00Z,F.D5L3RI10KIT42.H,C.89b5e85d8e5759ff,Shetty
0,,IPv4,TCP,TIME_WAIT,127.0.0.1,49674,127.0.0.1,62756,1601-01-01T00:00:00Z,F.D5L3RI10KIT42.H,C.89b5e85d8e5759ff,Shetty
0,,IPv4,TCP,TIME_WAIT,127.0.0.1,49674,127.0.0.1,62760,1601-01-01T00:00:00Z,F.D5L3RI10KIT42.H,C.89b5e85d8e5759ff,Shetty
0,,IPv4,TCP,TIME_WAIT,127.0.0.1,49674,127.0.0.1,62762,1601-01-01T00:00:00Z,F.D5L3RI10KIT42.H,C.89b5e85d8e5759ff,Shetty
0,,IPv4,TCP,TIME_WAIT,127.0.0.1,49674,127.0.0.1,64265,1601-01-01T00:00:00Z,F.D5L3RI10KIT42.H,C.89b5e85d8e5759ff,Shetty
0,,IPv4,TCP,TIME_WAIT,127.0.0.1,49674,127.0.0.1,64267,1601-01-01T00:00:00Z,F.D5L3RI10KIT42.H,C.89b5e85d8e5759ff,Shetty
0,,IPv4,TCP,TIME_WAIT,127.0.0.1,49674,127.0.0.1,65031,1601-01-01T00:00:00Z,F.D5L3RI10KIT42.H,C.89b5e85d8e5759ff,Shetty
0,,IPv4,TCP,TIME_WAIT,127.0.0.1,49674,127.0.0.1,65033,1601-01-01T00:00:00Z,F.D5L3RI10KIT42.H,C.89b5e85d8e5759ff,Shetty
0,,IPv4,TCP,TIME_WAIT,127.0.0.1,49674,127.0.0.1,65035,1601-01-01T00:00:00Z,F.D5L3RI10KIT42.H,C.89b5e85d8e5759ff,Shetty
0,,IPv4,TCP,TIME_WAIT,127.0.0.1,49674,127.0.0.1,65037,1601-01-01T00:00:00Z,F.D5L3RI10KIT42.H,C.89b5e85d8e5759ff,Shetty
0,,IPv4,TCP,TIME_WAIT,127.0.0.1,49674,127.0.0.1,65041,1601-01-01T00:00:00Z,F.D5L3RI10KIT42.H,C.89b5e85d8e5759ff,Shetty
0,,IPv4,TCP,TIME_WAIT,127.0.0.1,49674,127.0.0.1,65043,1601-01-01T00:00:00Z,F.D5L3RI10KIT42.H,C.89b5e85d8e5759ff,Shetty
7564,agentbeat.exe,IPv4,TCP,ESTAB,127.0.0.1,49728,127.0.0.1,6789,2026-01-16T07:49:22Z,F.D5L3RI10KIT42.H,C.89b5e85d8e5759ff,Shetty
1224,services.exe,IPv4,TCP,LISTEN,0.0.0.0,49731,0.0.0.0,0,2026-01-16T07:49:23Z,F.D5L3RI10KIT42.H,C.89b5e85d8e5759ff,Shetty
0,,IPv4,TCP,TIME_WAIT,127.0.0.1,50473,127.0.0.1,49674,1601-01-01T00:00:00Z,F.D5L3RI10KIT42.H,C.89b5e85d8e5759ff,Shetty
0,,IPv4,TCP,TIME_WAIT,127.0.0.1,50476,127.0.0.1,49674,1601-01-01T00:00:00Z,F.D5L3RI10KIT42.H,C.89b5e85d8e5759ff,Shetty
0,,IPv4,TCP,TIME_WAIT,127.0.0.1,50480,127.0.0.1,49674,1601-01-01T00:00:00Z,F.D5L3RI10KIT42.H,C.89b5e85d8e5759ff,Shetty
7264,elastic-agent.exe,IPv4,TCP,ESTAB,127.0.0.1,50861,127.0.0.1,6791,2026-01-16T13:28:24Z,F.D5L3RI10KIT42.H,C.89b5e85d8e5759ff,Shetty
7264,elastic-agent.exe,IPv4,TCP,ESTAB,127.0.0.1,50864,127.0.0.1,49673,2026-01-16T13:28:24Z,F.D5L3RI10KIT42.H,C.89b5e85d8e5759ff,Shetty
15028,Velociraptor.exe,IPv4,TCP,ESTAB,127.0.0.1,50866,127.0.0.1,8000,2026-01-16T13:28:25Z,F.D5L3RI10KIT42.H,C.89b5e85d8e5759ff,Shetty
2068,msedge.exe,IPv4,TCP,ESTAB,127.0.0.1,51168,127.0.0.1,8889,2026-01-16T13:34:32Z,F.D5L3RI10KIT42.H,C.89b5e85d8e5759ff,Shetty
0,,IPv4,TCP,TIME_WAIT,127.0.0.1,51764,127.0.0.1,8889,1601-01-01T00:00:00Z,F.D5L3RI10KIT42.H,C.89b5e85d8e5759ff,Shetty
0,,IPv4,TCP,TIME_WAIT,127.0.0.1,51824,127.0.0.1,49674,1601-01-01T00:00:00Z,F.D5L3RI10KIT42.H,C.89b5e85d8e5759ff,Shetty
0,,IPv4,TCP,TIME_WAIT,127.0.0.1,51826,127.0.0.1,49674,1601-01-01T00:00:00Z,F.D5L3RI10KIT42.H,C.89b5e85d8e5759ff,Shetty
0,,IPv4,TCP,TIME_WAIT,127.0.0.1,51828,127.0.0.1,49674,1601-01-01T00:00:00Z,F.D5L3RI10KIT42.H,C.89b5e85d8e5759ff,Shetty
0,,IPv4,TCP,TIME_WAIT,127.0.0.1,51834,127.0.0.1,49674,1601-01-01T00:00:00Z,F.D5L3RI10KIT42.H,C.89b5e85d8e5759ff,Shetty
0,,IPv4,TCP,TIME_WAIT,127.0.0.1,51839,127.0.0.1,49674,1601-01-01T00:00:00Z,F.D5L3RI10KIT42.H,C.89b5e85d8e5759ff,Shetty
0,,IPv4,TCP,TIME_WAIT,127.0.0.1,51841,127.0.0.1,49674,1601-01-01T00:00:00Z,F.D5L3RI10KIT42.H,C.89b5e85d8e5759ff,Shetty
0,,IPv4,TCP,TIME_WAIT,127.0.0.1,51843,127.0.0.1,49674,1601-01-01T00:00:00Z,F.D5L3RI10KIT42.H,C.89b5e85d8e5759ff,Shetty
0,,IPv4,TCP,TIME_WAIT,127.0.0.1,51845,127.0.0.1,49674,1601-01-01T00:00:00Z,F.D5L3RI10KIT42.H,C.89b5e85d8e5759ff,Shetty
21800,agentbeat.exe,IPv4,TCP,ESTAB,127.0.0.1,51871,127.0.0.1,6789,2026-01-16T12:18:48Z,F.D5L3RI10KIT42.H,C.89b5e85d8e5759ff,Shetty
21792,agentbeat.exe,IPv4,TCP,ESTAB,127.0.0.1,51889,127.0.0.1,6789,2026-01-16T12:18:51Z,F.D5L3RI10KIT42.H,C.89b5e85d8e5759ff,Shetty
0,,IPv4,TCP,TIME_WAIT,127.0.0.1,52820,127.0.0.1,49674,1601-01-01T00:00:00Z,F.D5L3RI10KIT42.H,C.89b5e85d8e5759ff,Shetty
0,,IPv4,TCP,TIME_WAIT,127.0.0.1,52826,127.0.0.1,49674,1601-01-01T00:00:00Z,F.D5L3RI10KIT42.H,C.89b5e85d8e5759ff,Shetty
0,,IPv4,TCP,TIME_WAIT,127.0.0.1,52828,127.0.0.1,49674,1601-01-01T00:00:00Z,F.D5L3RI10KIT42.H,C.89b5e85d8e5759ff,Shetty
0,,IPv4,TCP,TIME_WAIT,127.0.0.1,52832,127.0.0.1,49674,1601-01-01T00:00:00Z,F.D5L3RI10KIT42.H,C.89b5e85d8e5759ff,Shetty
0,,IPv4,TCP,TIME_WAIT,10.19.234.77,52833,20.42.73.26,443,1601-01-01T00:00:00Z,F.D5L3RI10KIT42.H,C.89b5e85d8e5759ff,Shetty
0,,IPv4,TCP,TIME_WAIT,127.0.0.1,52835,127.0.0.1,49674,1601-01-01T00:00:00Z,F.D5L3RI10KIT42.H,C.89b5e85d8e5759ff,Shetty
0,,IPv4,TCP,TIME_WAIT,127.0.0.1,52837,127.0.0.1,49674,1601-01-01T00:00:00Z,F.D5L3RI10KIT42.H,C.89b5e85d8e5759ff,Shetty
0,,IPv4,TCP,TIME_WAIT,127.0.0.1,52838,127.0.0.1,49674,1601-01-01T00:00:00Z,F.D5L3RI10KIT42.H,C.89b5e85d8e5759ff,Shetty
0,,IPv4,TCP,TIME_WAIT,127.0.0.1,52840,127.0.0.1,49674,1601-01-01T00:00:00Z,F.D5L3RI10KIT42.H,C.89b5e85d8e5759ff,Shetty
0,,IPv4,TCP,TIME_WAIT,127.0.0.1,52841,127.0.0.1,49674,1601-01-01T00:00:00Z,F.D5L3RI10KIT42.H,C.89b5e85d8e5759ff,Shetty
0,,IPv4,TCP,TIME_WAIT,127.0.0.1,52843,127.0.0.1,49674,1601-01-01T00:00:00Z,F.D5L3RI10KIT42.H,C.89b5e85d8e5759ff,Shetty
0,,IPv4,TCP,TIME_WAIT,127.0.0.1,52844,127.0.0.1,49674,1601-01-01T00:00:00Z,F.D5L3RI10KIT42.H,C.89b5e85d8e5759ff,Shetty
0,,IPv4,TCP,TIME_WAIT,127.0.0.1,52845,127.0.0.1,49674,1601-01-01T00:00:00Z,F.D5L3RI10KIT42.H,C.89b5e85d8e5759ff,Shetty
0,,IPv4,TCP,TIME_WAIT,127.0.0.1,52847,127.0.0.1,49674,1601-01-01T00:00:00Z,F.D5L3RI10KIT42.H,C.89b5e85d8e5759ff,Shetty
0,,IPv4,TCP,TIME_WAIT,127.0.0.1,52848,127.0.0.1,49674,1601-01-01T00:00:00Z,F.D5L3RI10KIT42.H,C.89b5e85d8e5759ff,Shetty
0,,IPv4,TCP,TIME_WAIT,127.0.0.1,52849,127.0.0.1,49674,1601-01-01T00:00:00Z,F.D5L3RI10KIT42.H,C.89b5e85d8e5759ff,Shetty
0,,IPv4,TCP,TIME_WAIT,127.0.0.1,52851,127.0.0.1,49674,1601-01-01T00:00:00Z,F.D5L3RI10KIT42.H,C.89b5e85d8e5759ff,Shetty
0,,IPv4,TCP,TIME_WAIT,127.0.0.1,52852,127.0.0.1,49674,1601-01-01T00:00:00Z,F.D5L3RI10KIT42.H,C.89b5e85d8e5759ff,Shetty
0,,IPv4,TCP,TIME_WAIT,127.0.0.1,52854,127.0.0.1,49674,1601-01-01T00:00:00Z,F.D5L3RI10KIT42.H,C.89b5e85d8e5759ff,Shetty
0,,IPv4,TCP,TIME_WAIT,127.0.0.1,52855,127.0.0.1,49674,1601-01-01T00:00:00Z,F.D5L3RI10KIT42.H,C.89b5e85d8e5759ff,Shetty
0,,IPv4,TCP,TIME_WAIT,127.0.0.1,52857,127.0.0.1,49674,1601-01-01T00:00:00Z,F.D5L3RI10KIT42.H,C.89b5e85d8e5759ff,Shetty
0,,IPv4,TCP,TIME_WAIT,10.19.234.77,52859,23.53.240.200,80,1601-01-01T00:00:00Z,F.D5L3RI10KIT42.H,C.89b5e85d8e5759ff,Shetty
0,,IPv4,TCP,TIME_WAIT,127.0.0.1,52861,127.0.0.1,49674,1601-01-01T00:00:00Z,F.D5L3RI10KIT42.H,C.89b5e85d8e5759ff,Shetty
0,,IPv4,TCP,TIME_WAIT,127.0.0.1,52863,127.0.0.1,49674,1601-01-01T00:00:00Z,F.D5L3RI10KIT42.H,C.89b5e85d8e5759ff,Shetty
0,,IPv4,TCP,TIME_WAIT,127.0.0.1,52867,127.0.0.1,49674,1601-01-01T00:00:00Z,F.D5L3RI10KIT42.H,C.89b5e85d8e5759ff,Shetty
0,,IPv4,TCP,TIME_WAIT,127.0.0.1,53432,127.0.0.1,49674,1601-01-01T00:00:00Z,F.D5L3RI10KIT42.H,C.89b5e85d8e5759ff,Shetty
0,,IPv4,TCP,TIME_WAIT,10.19.234.77,53650,20.189.173.23,443,1601-01-01T00:00:00Z,F.D5L3RI10KIT42.H,C.89b5e85d8e5759ff,Shetty
0,,IPv4,TCP,TIME_WAIT,127.0.0.1,53995,127.0.0.1,8889,1601-01-01T00:00:00Z,F.D5L3RI10KIT42.H,C.89b5e85d8e5759ff,Shetty
0,,IPv4,TCP,TIME_WAIT,10.19.234.77,54157,13.107.6.158,443,1601-01-01T00:00:00Z,F.D5L3RI10KIT42.H,C.89b5e85d8e5759ff,Shetty
0,,IPv4,TCP,TIME_WAIT,127.0.0.1,54159,127.0.0.1,49674,1601-01-01T00:00:00Z,F.D5L3RI10KIT42.H,C.89b5e85d8e5759ff,Shetty
0,,IPv4,TCP,TIME_WAIT,127.0.0.1,54161,127.0.0.1,49674,1601-01-01T00:00:00Z,F.D5L3RI10KIT42.H,C.89b5e85d8e5759ff,Shetty
0,,IPv4,TCP,TIME_WAIT,127.0.0.1,54787,127.0.0.1,8889,1601-01-01T00:00:00Z,F.D5L3RI10KIT42.H,C.89b5e85d8e5759ff,Shetty
0,,IPv4,TCP,TIME_WAIT,127.0.0.1,54790,127.0.0.1,49674,1601-01-01T00:00:00Z,F.D5L3RI10KIT42.H,C.89b5e85d8e5759ff,Shetty
0,,IPv4,TCP,TIME_WAIT,127.0.0.1,54799,127.0.0.1,49674,1601-01-01T00:00:00Z,F.D5L3RI10KIT42.H,C.89b5e85d8e5759ff,Shetty
0,,IPv4,TCP,TIME_WAIT,127.0.0.1,54800,127.0.0.1,49674,1601-01-01T00:00:00Z,F.D5L3RI10KIT42.H,C.89b5e85d8e5759ff,Shetty
0,,IPv4,TCP,TIME_WAIT,127.0.0.1,54801,127.0.0.1,49674,1601-01-01T00:00:00Z,F.D5L3RI10KIT42.H,C.89b5e85d8e5759ff,Shetty
0,,IPv4,TCP,TIME_WAIT,127.0.0.1,54805,127.0.0.1,49674,1601-01-01T00:00:00Z,F.D5L3RI10KIT42.H,C.89b5e85d8e5759ff,Shetty
0,,IPv4,TCP,TIME_WAIT,127.0.0.1,54806,127.0.0.1,49674,1601-01-01T00:00:00Z,F.D5L3RI10KIT42.H,C.89b5e85d8e5759ff,Shetty
0,,IPv4,TCP,TIME_WAIT,127.0.0.1,54808,127.0.0.1,49674,1601-01-01T00:00:00Z,F.D5L3RI10KIT42.H,C.89b5e85d8e5759ff,Shetty
0,,IPv4,TCP,TIME_WAIT,127.0.0.1,54818,127.0.0.1,49674,1601-01-01T00:00:00Z,F.D5L3RI10KIT42.H,C.89b5e85d8e5759ff,Shetty
0,,IPv4,TCP,TIME_WAIT,127.0.0.1,54820,127.0.0.1,49674,1601-01-01T00:00:00Z,F.D5L3RI10KIT42.H,C.89b5e85d8e5759ff,Shetty
0,,IPv4,TCP,TIME_WAIT,127.0.0.1,54822,127.0.0.1,49674,1601-01-01T00:00:00Z,F.D5L3RI10KIT42.H,C.89b5e85d8e5759ff,Shetty
0,,IPv4,TCP,TIME_WAIT,127.0.0.1,54824,127.0.0.1,49674,1601-01-01T00:00:00Z,F.D5L3RI10KIT42.H,C.89b5e85d8e5759ff,Shetty
0,,IPv4,TCP,TIME_WAIT,127.0.0.1,54830,127.0.0.1,49674,1601-01-01T00:00:00Z,F.D5L3RI10KIT42.H,C.89b5e85d8e5759ff,Shetty
0,,IPv4,TCP,TIME_WAIT,127.0.0.1,54832,127.0.0.1,49674,1601-01-01T00:00:00Z,F.D5L3RI10KIT42.H,C.89b5e85d8e5759ff,Shetty
0,,IPv4,TCP,TIME_WAIT,127.0.0.1,55057,127.0.0.1,8889,1601-01-01T00:00:00Z,F.D5L3RI10KIT42.H,C.89b5e85d8e5759ff,Shetty
0,,IPv4,TCP,TIME_WAIT,127.0.0.1,55259,127.0.0.1,8889,1601-01-01T00:00:00Z,F.D5L3RI10KIT42.H,C.89b5e85d8e5759ff,Shetty
0,,IPv4,TCP,TIME_WAIT,127.0.0.1,55327,127.0.0.1,8889,1601-01-01T00:00:00Z,F.D5L3RI10KIT42.H,C.89b5e85d8e5759ff,Shetty
0,,IPv4,TCP,TIME_WAIT,127.0.0.1,56258,127.0.0.1,8889,1601-01-01T00:00:00Z,F.D5L3RI10KIT42.H,C.89b5e85d8e5759ff,Shetty
0,,IPv4,TCP,TIME_WAIT,127.0.0.1,56627,127.0.0.1,49674,1601-01-01T00:00:00Z,F.D5L3RI10KIT42.H,C.89b5e85d8e5759ff,Shetty
0,,IPv4,TCP,TIME_WAIT,127.0.0.1,56629,127.0.0.1,49674,1601-01-01T00:00:00Z,F.D5L3RI10KIT42.H,C.89b5e85d8e5759ff,Shetty
0,,IPv4,TCP,TIME_WAIT,127.0.0.1,56746,127.0.0.1,49674,1601-01-01T00:00:00Z,F.D5L3RI10KIT42.H,C.89b5e85d8e5759ff,Shetty
0,,IPv4,TCP,TIME_WAIT,127.0.0.1,56761,127.0.0.1,49674,1601-01-01T00:00:00Z,F.D5L3RI10KIT42.H,C.89b5e85d8e5759ff,Shetty
0,,IPv4,TCP,TIME_WAIT,127.0.0.1,56763,127.0.0.1,49674,1601-01-01T00:00:00Z,F.D5L3RI10KIT42.H,C.89b5e85d8e5759ff,Shetty
0,,IPv4,TCP,TIME_WAIT,127.0.0.1,56765,127.0.0.1,49674,1601-01-01T00:00:00Z,F.D5L3RI10KIT42.H,C.89b5e85d8e5759ff,Shetty
15636,ms-teams.exe,IPv4,TCP,ESTAB,10.19.234.77,57261,4.224.92.204,443,2026-01-16T13:28:25Z,F.D5L3RI10KIT42.H,C.89b5e85d8e5759ff,Shetty
16484,velociraptor-v0.75.1-windows-amd64.exe,IPv4,TCP,ESTAB,127.0.0.1,57265,127.0.0.1,8000,2026-01-16T13:28:25Z,F.D5L3RI10KIT42.H,C.89b5e85d8e5759ff,Shetty
16484,velociraptor-v0.75.1-windows-amd64.exe,IPv4,TCP,ESTAB,127.0.0.1,57272,127.0.0.1,8000,2026-01-16T13:28:26Z,F.D5L3RI10KIT42.H,C.89b5e85d8e5759ff,Shetty
16484,velociraptor-v0.75.1-windows-amd64.exe,IPv4,TCP,ESTAB,127.0.0.1,57284,127.0.0.1,8000,2026-01-16T13:28:26Z,F.D5L3RI10KIT42.H,C.89b5e85d8e5759ff,Shetty
0,,IPv4,TCP,TIME_WAIT,127.0.0.1,57326,127.0.0.1,49674,1601-01-01T00:00:00Z,F.D5L3RI10KIT42.H,C.89b5e85d8e5759ff,Shetty
0,,IPv4,TCP,TIME_WAIT,127.0.0.1,57332,127.0.0.1,49674,1601-01-01T00:00:00Z,F.D5L3RI10KIT42.H,C.89b5e85d8e5759ff,Shetty
0,,IPv4,TCP,TIME_WAIT,127.0.0.1,57334,127.0.0.1,49674,1601-01-01T00:00:00Z,F.D5L3RI10KIT42.H,C.89b5e85d8e5759ff,Shetty
0,,IPv4,TCP,TIME_WAIT,127.0.0.1,57340,127.0.0.1,49674,1601-01-01T00:00:00Z,F.D5L3RI10KIT42.H,C.89b5e85d8e5759ff,Shetty
0,,IPv4,TCP,TIME_WAIT,127.0.0.1,57342,127.0.0.1,49674,1601-01-01T00:00:00Z,F.D5L3RI10KIT42.H,C.89b5e85d8e5759ff,Shetty
0,,IPv4,TCP,TIME_WAIT,127.0.0.1,57346,127.0.0.1,49674,1601-01-01T00:00:00Z,F.D5L3RI10KIT42.H,C.89b5e85d8e5759ff,Shetty
0,,IPv4,TCP,TIME_WAIT,127.0.0.1,57348,127.0.0.1,49674,1601-01-01T00:00:00Z,F.D5L3RI10KIT42.H,C.89b5e85d8e5759ff,Shetty
0,,IPv4,TCP,TIME_WAIT,127.0.0.1,57352,127.0.0.1,49674,1601-01-01T00:00:00Z,F.D5L3RI10KIT42.H,C.89b5e85d8e5759ff,Shetty
4440,LenovoVantageService.exe,IPv4,TCP,ESTAB,10.19.234.77,57386,18.161.246.70,443,2026-01-16T13:33:34Z,F.D5L3RI10KIT42.H,C.89b5e85d8e5759ff,Shetty
4440,LenovoVantageService.exe,IPv4,TCP,ESTAB,10.19.234.77,57387,18.161.246.70,443,2026-01-16T13:33:34Z,F.D5L3RI10KIT42.H,C.89b5e85d8e5759ff,Shetty
0,,IPv4,TCP,TIME_WAIT,127.0.0.1,57389,127.0.0.1,49674,1601-01-01T00:00:00Z,F.D5L3RI10KIT42.H,C.89b5e85d8e5759ff,Shetty
0,,IPv4,TCP,TIME_WAIT,127.0.0.1,57391,127.0.0.1,49674,1601-01-01T00:00:00Z,F.D5L3RI10KIT42.H,C.89b5e85d8e5759ff,Shetty
0,,IPv4,TCP,TIME_WAIT,127.0.0.1,57393,127.0.0.1,49674,1601-01-01T00:00:00Z,F.D5L3RI10KIT42.H,C.89b5e85d8e5759ff,Shetty
0,,IPv4,TCP,TIME_WAIT,127.0.0.1,57397,127.0.0.1,49674,1601-01-01T00:00:00Z,F.D5L3RI10KIT42.H,C.89b5e85d8e5759ff,Shetty
0,,IPv4,TCP,TIME_WAIT,127.0.0.1,57399,127.0.0.1,49674,1601-01-01T00:00:00Z,F.D5L3RI10KIT42.H,C.89b5e85d8e5759ff,Shetty
0,,IPv4,TCP,TIME_WAIT,127.0.0.1,57408,127.0.0.1,49674,1601-01-01T00:00:00Z,F.D5L3RI10KIT42.H,C.89b5e85d8e5759ff,Shetty
0,,IPv4,TCP,TIME_WAIT,127.0.0.1,58023,127.0.0.1,8889,1601-01-01T00:00:00Z,F.D5L3RI10KIT42.H,C.89b5e85d8e5759ff,Shetty
0,,IPv4,TCP,TIME_WAIT,127.0.0.1,58574,127.0.0.1,49674,1601-01-01T00:00:00Z,F.D5L3RI10KIT42.H,C.89b5e85d8e5759ff,Shetty
0,,IPv4,TCP,TIME_WAIT,127.0.0.1,58576,127.0.0.1,49674,1601-01-01T00:00:00Z,F.D5L3RI10KIT42.H,C.89b5e85d8e5759ff,Shetty
0,,IPv4,TCP,TIME_WAIT,127.0.0.1,58771,127.0.0.1,49674,1601-01-01T00:00:00Z,F.D5L3RI10KIT42.H,C.89b5e85d8e5759ff,Shetty
0,,IPv4,TCP,TIME_WAIT,127.0.0.1,58773,127.0.0.1,49674,1601-01-01T00:00:00Z,F.D5L3RI10KIT42.H,C.89b5e85d8e5759ff,Shetty
0,,IPv4,TCP,TIME_WAIT,127.0.0.1,58776,127.0.0.1,49674,1601-01-01T00:00:00Z,F.D5L3RI10KIT42.H,C.89b5e85d8e5759ff,Shetty
0,,IPv4,TCP,TIME_WAIT,127.0.0.1,58778,127.0.0.1,49674,1601-01-01T00:00:00Z,F.D5L3RI10KIT42.H,C.89b5e85d8e5759ff,Shetty
0,,IPv4,TCP,TIME_WAIT,127.0.0.1,58781,127.0.0.1,49674,1601-01-01T00:00:00Z,F.D5L3RI10KIT42.H,C.89b5e85d8e5759ff,Shetty
0,,IPv4,TCP,TIME_WAIT,127.0.0.1,58785,127.0.0.1,49674,1601-01-01T00:00:00Z,F.D5L3RI10KIT42.H,C.89b5e85d8e5759ff,Shetty
0,,IPv4,TCP,TIME_WAIT,127.0.0.1,58787,127.0.0.1,49674,1601-01-01T00:00:00Z,F.D5L3RI10KIT42.H,C.89b5e85d8e5759ff,Shetty
0,,IPv4,TCP,TIME_WAIT,127.0.0.1,58789,127.0.0.1,49674,1601-01-01T00:00:00Z,F.D5L3RI10KIT42.H,C.89b5e85d8e5759ff,Shetty
0,,IPv4,TCP,TIME_WAIT,127.0.0.1,58791,127.0.0.1,49674,1601-01-01T00:00:00Z,F.D5L3RI10KIT42.H,C.89b5e85d8e5759ff,Shetty
0,,IPv4,TCP,TIME_WAIT,127.0.0.1,58793,127.0.0.1,49674,1601-01-01T00:00:00Z,F.D5L3RI10KIT42.H,C.89b5e85d8e5759ff,Shetty
0,,IPv4,TCP,TIME_WAIT,127.0.0.1,58797,127.0.0.1,49674,1601-01-01T00:00:00Z,F.D5L3RI10KIT42.H,C.89b5e85d8e5759ff,Shetty
0,,IPv4,TCP,TIME_WAIT,127.0.0.1,58799,127.0.0.1,49674,1601-01-01T00:00:00Z,F.D5L3RI10KIT42.H,C.89b5e85d8e5759ff,Shetty
0,,IPv4,TCP,TIME_WAIT,127.0.0.1,58802,127.0.0.1,49674,1601-01-01T00:00:00Z,F.D5L3RI10KIT42.H,C.89b5e85d8e5759ff,Shetty
0,,IPv4,TCP,TIME_WAIT,127.0.0.1,58805,127.0.0.1,49674,1601-01-01T00:00:00Z,F.D5L3RI10KIT42.H,C.89b5e85d8e5759ff,Shetty
15028,Velociraptor.exe,IPv4,TCP,ESTAB,127.0.0.1,58808,127.0.0.1,8000,2026-01-16T13:32:15Z,F.D5L3RI10KIT42.H,C.89b5e85d8e5759ff,Shetty
0,,IPv4,TCP,TIME_WAIT,127.0.0.1,58809,127.0.0.1,49674,1601-01-01T00:00:00Z,F.D5L3RI10KIT42.H,C.89b5e85d8e5759ff,Shetty
0,,IPv4,TCP,TIME_WAIT,127.0.0.1,58811,127.0.0.1,49674,1601-01-01T00:00:00Z,F.D5L3RI10KIT42.H,C.89b5e85d8e5759ff,Shetty
0,,IPv4,TCP,TIME_WAIT,127.0.0.1,59136,127.0.0.1,49674,1601-01-01T00:00:00Z,F.D5L3RI10KIT42.H,C.89b5e85d8e5759ff,Shetty
0,,IPv4,TCP,TIME_WAIT,127.0.0.1,59138,127.0.0.1,49674,1601-01-01T00:00:00Z,F.D5L3RI10KIT42.H,C.89b5e85d8e5759ff,Shetty
0,,IPv4,TCP,TIME_WAIT,127.0.0.1,59140,127.0.0.1,49674,1601-01-01T00:00:00Z,F.D5L3RI10KIT42.H,C.89b5e85d8e5759ff,Shetty
0,,IPv4,TCP,TIME_WAIT,127.0.0.1,59142,127.0.0.1,49674,1601-01-01T00:00:00Z,F.D5L3RI10KIT42.H,C.89b5e85d8e5759ff,Shetty
0,,IPv4,TCP,TIME_WAIT,127.0.0.1,59144,127.0.0.1,49674,1601-01-01T00:00:00Z,F.D5L3RI10KIT42.H,C.89b5e85d8e5759ff,Shetty
0,,IPv4,TCP,TIME_WAIT,127.0.0.1,59146,127.0.0.1,49674,1601-01-01T00:00:00Z,F.D5L3RI10KIT42.H,C.89b5e85d8e5759ff,Shetty
0,,IPv4,TCP,TIME_WAIT,127.0.0.1,59148,127.0.0.1,49674,1601-01-01T00:00:00Z,F.D5L3RI10KIT42.H,C.89b5e85d8e5759ff,Shetty
0,,IPv4,TCP,TIME_WAIT,127.0.0.1,59154,127.0.0.1,49674,1601-01-01T00:00:00Z,F.D5L3RI10KIT42.H,C.89b5e85d8e5759ff,Shetty
0,,IPv4,TCP,TIME_WAIT,127.0.0.1,59156,127.0.0.1,49674,1601-01-01T00:00:00Z,F.D5L3RI10KIT42.H,C.89b5e85d8e5759ff,Shetty
0,,IPv4,TCP,TIME_WAIT,127.0.0.1,59164,127.0.0.1,49674,1601-01-01T00:00:00Z,F.D5L3RI10KIT42.H,C.89b5e85d8e5759ff,Shetty
0,,IPv4,TCP,TIME_WAIT,10.19.234.77,59166,23.201.55.152,80,1601-01-01T00:00:00Z,F.D5L3RI10KIT42.H,C.89b5e85d8e5759ff,Shetty
0,,IPv4,TCP,TIME_WAIT,127.0.0.1,59168,127.0.0.1,49674,1601-01-01T00:00:00Z,F.D5L3RI10KIT42.H,C.89b5e85d8e5759ff,Shetty
0,,IPv4,TCP,TIME_WAIT,127.0.0.1,59170,127.0.0.1,49674,1601-01-01T00:00:00Z,F.D5L3RI10KIT42.H,C.89b5e85d8e5759ff,Shetty
0,,IPv4,TCP,TIME_WAIT,127.0.0.1,59172,127.0.0.1,49674,1601-01-01T00:00:00Z,F.D5L3RI10KIT42.H,C.89b5e85d8e5759ff,Shetty
0,,IPv4,TCP,TIME_WAIT,127.0.0.1,59231,127.0.0.1,49674,1601-01-01T00:00:00Z,F.D5L3RI10KIT42.H,C.89b5e85d8e5759ff,Shetty
4936,wazuh-agent.exe,IPv4,TCP,SENT,10.19.234.77,59240,192.168.56.102,1514,2026-01-16T13:34:25Z,F.D5L3RI10KIT42.H,C.89b5e85d8e5759ff,Shetty
0,,IPv4,TCP,TIME_WAIT,127.0.0.1,59248,127.0.0.1,49674,1601-01-01T00:00:00Z,F.D5L3RI10KIT42.H,C.89b5e85d8e5759ff,Shetty
0,,IPv4,TCP,TIME_WAIT,127.0.0.1,59254,127.0.0.1,49674,1601-01-01T00:00:00Z,F.D5L3RI10KIT42.H,C.89b5e85d8e5759ff,Shetty
0,,IPv4,TCP,TIME_WAIT,127.0.0.1,59258,127.0.0.1,49674,1601-01-01T00:00:00Z,F.D5L3RI10KIT42.H,C.89b5e85d8e5759ff,Shetty
0,,IPv4,TCP,TIME_WAIT,127.0.0.1,59262,127.0.0.1,49674,1601-01-01T00:00:00Z,F.D5L3RI10KIT42.H,C.89b5e85d8e5759ff,Shetty
16484,velociraptor-v0.75.1-windows-amd64.exe,IPv4,TCP,ESTAB,127.0.0.1,59627,127.0.0.1,8001,2026-01-16T13:06:27Z,F.D5L3RI10KIT42.H,C.89b5e85d8e5759ff,Shetty
16484,velociraptor-v0.75.1-windows-amd64.exe,IPv4,TCP,ESTAB,127.0.0.1,60169,127.0.0.1,8000,2026-01-16T13:28:27Z,F.D5L3RI10KIT42.H,C.89b5e85d8e5759ff,Shetty
4924,elastic-agent.exe,IPv4,TCP,ESTAB,10.19.234.77,60276,34.30.241.51,443,2026-01-16T13:28:27Z,F.D5L3RI10KIT42.H,C.89b5e85d8e5759ff,Shetty
0,,IPv4,TCP,TIME_WAIT,127.0.0.1,60460,127.0.0.1,8889,1601-01-01T00:00:00Z,F.D5L3RI10KIT42.H,C.89b5e85d8e5759ff,Shetty
0,,IPv4,TCP,TIME_WAIT,10.19.234.77,60929,20.189.173.23,443,1601-01-01T00:00:00Z,F.D5L3RI10KIT42.H,C.89b5e85d8e5759ff,Shetty
0,,IPv4,TCP,TIME_WAIT,127.0.0.1,61146,127.0.0.1,49674,1601-01-01T00:00:00Z,F.D5L3RI10KIT42.H,C.89b5e85d8e5759ff,Shetty
0,,IPv4,TCP,TIME_WAIT,127.0.0.1,61148,127.0.0.1,49674,1601-01-01T00:00:00Z,F.D5L3RI10KIT42.H,C.89b5e85d8e5759ff,Shetty
0,,IPv4,TCP,TIME_WAIT,127.0.0.1,61152,127.0.0.1,49674,1601-01-01T00:00:00Z,F.D5L3RI10KIT42.H,C.89b5e85d8e5759ff,Shetty
0,,IPv4,TCP,TIME_WAIT,127.0.0.1,61154,127.0.0.1,49674,1601-01-01T00:00:00Z,F.D5L3RI10KIT42.H,C.89b5e85d8e5759ff,Shetty
0,,IPv4,TCP,TIME_WAIT,127.0.0.1,61158,127.0.0.1,49674,1601-01-01T00:00:00Z,F.D5L3RI10KIT42.H,C.89b5e85d8e5759ff,Shetty
0,,IPv4,TCP,TIME_WAIT,127.0.0.1,61160,127.0.0.1,49674,1601-01-01T00:00:00Z,F.D5L3RI10KIT42.H,C.89b5e85d8e5759ff,Shetty
0,,IPv4,TCP,TIME_WAIT,127.0.0.1,61162,127.0.0.1,49674,1601-01-01T00:00:00Z,F.D5L3RI10KIT42.H,C.89b5e85d8e5759ff,Shetty
0,,IPv4,TCP,TIME_WAIT,10.19.234.77,61331,13.107.6.158,443,1601-01-01T00:00:00Z,F.D5L3RI10KIT42.H,C.89b5e85d8e5759ff,Shetty
0,,IPv4,TCP,TIME_WAIT,127.0.0.1,61335,127.0.0.1,49674,1601-01-01T00:00:00Z,F.D5L3RI10KIT42.H,C.89b5e85d8e5759ff,Shetty
0,,IPv4,TCP,TIME_WAIT,127.0.0.1,62418,127.0.0.1,8889,1601-01-01T00:00:00Z,F.D5L3RI10KIT42.H,C.89b5e85d8e5759ff,Shetty
0,,IPv4,TCP,TIME_WAIT,127.0.0.1,62635,127.0.0.1,49674,1601-01-01T00:00:00Z,F.D5L3RI10KIT42.H,C.89b5e85d8e5759ff,Shetty
0,,IPv4,TCP,TIME_WAIT,127.0.0.1,62637,127.0.0.1,49674,1601-01-01T00:00:00Z,F.D5L3RI10KIT42.H,C.89b5e85d8e5759ff,Shetty
0,,IPv4,TCP,TIME_WAIT,127.0.0.1,62639,127.0.0.1,49674,1601-01-01T00:00:00Z,F.D5L3RI10KIT42.H,C.89b5e85d8e5759ff,Shetty
0,,IPv4,TCP,TIME_WAIT,127.0.0.1,62717,127.0.0.1,49674,1601-01-01T00:00:00Z,F.D5L3RI10KIT42.H,C.89b5e85d8e5759ff,Shetty
0,,IPv4,TCP,TIME_WAIT,127.0.0.1,62721,127.0.0.1,49674,1601-01-01T00:00:00Z,F.D5L3RI10KIT42.H,C.89b5e85d8e5759ff,Shetty
0,,IPv4,TCP,TIME_WAIT,127.0.0.1,62738,127.0.0.1,49674,1601-01-01T00:00:00Z,F.D5L3RI10KIT42.H,C.89b5e85d8e5759ff,Shetty
0,,IPv4,TCP,TIME_WAIT,127.0.0.1,62740,127.0.0.1,49674,1601-01-01T00:00:00Z,F.D5L3RI10KIT42.H,C.89b5e85d8e5759ff,Shetty
0,,IPv4,TCP,TIME_WAIT,127.0.0.1,62742,127.0.0.1,49674,1601-01-01T00:00:00Z,F.D5L3RI10KIT42.H,C.89b5e85d8e5759ff,Shetty
0,,IPv4,TCP,TIME_WAIT,127.0.0.1,62744,127.0.0.1,49674,1601-01-01T00:00:00Z,F.D5L3RI10KIT42.H,C.89b5e85d8e5759ff,Shetty
0,,IPv4,TCP,TIME_WAIT,127.0.0.1,62746,127.0.0.1,49674,1601-01-01T00:00:00Z,F.D5L3RI10KIT42.H,C.89b5e85d8e5759ff,Shetty
0,,IPv4,TCP,TIME_WAIT,127.0.0.1,62748,127.0.0.1,49674,1601-01-01T00:00:00Z,F.D5L3RI10KIT42.H,C.89b5e85d8e5759ff,Shetty
0,,IPv4,TCP,TIME_WAIT,127.0.0.1,62750,127.0.0.1,49674,1601-01-01T00:00:00Z,F.D5L3RI10KIT42.H,C.89b5e85d8e5759ff,Shetty
0,,IPv4,TCP,TIME_WAIT,127.0.0.1,62752,127.0.0.1,49674,1601-01-01T00:00:00Z,F.D5L3RI10KIT42.H,C.89b5e85d8e5759ff,Shetty
0,,IPv4,TCP,TIME_WAIT,127.0.0.1,62754,127.0.0.1,49674,1601-01-01T00:00:00Z,F.D5L3RI10KIT42.H,C.89b5e85d8e5759ff,Shetty
0,,IPv4,TCP,TIME_WAIT,127.0.0.1,62756,127.0.0.1,49674,1601-01-01T00:00:00Z,F.D5L3RI10KIT42.H,C.89b5e85d8e5759ff,Shetty
0,,IPv4,TCP,TIME_WAIT,127.0.0.1,62760,127.0.0.1,49674,1601-01-01T00:00:00Z,F.D5L3RI10KIT42.H,C.89b5e85d8e5759ff,Shetty
0,,IPv4,TCP,TIME_WAIT,127.0.0.1,62762,127.0.0.1,49674,1601-01-01T00:00:00Z,F.D5L3RI10KIT42.H,C.89b5e85d8e5759ff,Shetty
0,,IPv4,TCP,TIME_WAIT,10.19.234.77,63979,20.189.173.23,443,1601-01-01T00:00:00Z,F.D5L3RI10KIT42.H,C.89b5e85d8e5759ff,Shetty
0,,IPv4,TCP,TIME_WAIT,127.0.0.1,64193,127.0.0.1,8889,1601-01-01T00:00:00Z,F.D5L3RI10KIT42.H,C.89b5e85d8e5759ff,Shetty
0,,IPv4,TCP,TIME_WAIT,127.0.0.1,64265,127.0.0.1,49674,1601-01-01T00:00:00Z,F.D5L3RI10KIT42.H,C.89b5e85d8e5759ff,Shetty
0,,IPv4,TCP,TIME_WAIT,10.19.234.77,64420,20.42.73.26,443,1601-01-01T00:00:00Z,F.D5L3RI10KIT42.H,C.89b5e85d8e5759ff,Shetty
0,,IPv4,TCP,TIME_WAIT,127.0.0.1,65031,127.0.0.1,49674,1601-01-01T00:00:00Z,F.D5L3RI10KIT42.H,C.89b5e85d8e5759ff,Shetty
0,,IPv4,TCP,TIME_WAIT,127.0.0.1,65035,127.0.0.1,49674,1601-01-01T00:00:00Z,F.D5L3RI10KIT42.H,C.89b5e85d8e5759ff,Shetty
0,,IPv4,TCP,TIME_WAIT,127.0.0.1,65043,127.0.0.1,49674,1601-01-01T00:00:00Z,F.D5L3RI10KIT42.H,C.89b5e85d8e5759ff,Shetty
4,System,IPv4,TCP,LISTEN,0.0.0.0,445,0.0.0.0,0,2026-01-16T07:49:19Z,F.D5L3RI10KIT42.H,C.89b5e85d8e5759ff,Shetty
17708,com.docker.backend.exe,IPv4,TCP,LISTEN,0.0.0.0,9000,0.0.0.0,0,2026-01-16T07:51:53Z,F.D5L3RI10KIT42.H,C.89b5e85d8e5759ff,Shetty
17708,com.docker.backend.exe,IPv4,TCP,LISTEN,0.0.0.0,9042,0.0.0.0,0,2026-01-16T07:51:53Z,F.D5L3RI10KIT42.H,C.89b5e85d8e5759ff,Shetty
1572,svchost.exe,IPv6,TCP,LISTEN,::,135,::,0,2026-01-16T07:49:18Z,F.D5L3RI10KIT42.H,C.89b5e85d8e5759ff,Shetty
4,System,IPv6,TCP,LISTEN,::,445,::,0,2026-01-16T07:49:19Z,F.D5L3RI10KIT42.H,C.89b5e85d8e5759ff,Shetty
17708,com.docker.backend.exe,IPv6,TCP,LISTEN,::,9000,::,0,2026-01-16T07:51:53Z,F.D5L3RI10KIT42.H,C.89b5e85d8e5759ff,Shetty
16688,wslrelay.exe,IPv6,TCP,LISTEN,::1,9000,::,0,2026-01-16T07:51:54Z,F.D5L3RI10KIT42.H,C.89b5e85d8e5759ff,Shetty
17708,com.docker.backend.exe,IPv6,TCP,LISTEN,::,9042,::,0,2026-01-16T07:51:53Z,F.D5L3RI10KIT42.H,C.89b5e85d8e5759ff,Shetty
16688,wslrelay.exe,IPv6,TCP,LISTEN,::1,9042,::,0,2026-01-16T07:51:54Z,F.D5L3RI10KIT42.H,C.89b5e85d8e5759ff,Shetty
4984,svchost.exe,IPv6,TCP,ESTAB,2401:4900:91d7:4b8a:3ca6:4d1c:3e63:581b,49411,2603:1040:a06:6::,443,2026-01-16T13:28:26Z,F.D5L3RI10KIT42.H,C.89b5e85d8e5759ff,Shetty
1252,lsass.exe,IPv6,TCP,LISTEN,::,49664,::,0,2026-01-16T07:49:18Z,F.D5L3RI10KIT42.H,C.89b5e85d8e5759ff,Shetty
1080,wininit.exe,IPv6,TCP,LISTEN,::,49665,::,0,2026-01-16T07:49:18Z,F.D5L3RI10KIT42.H,C.89b5e85d8e5759ff,Shetty
2156,svchost.exe,IPv6,TCP,LISTEN,::,49666,::,0,2026-01-16T07:49:18Z,F.D5L3RI10KIT42.H,C.89b5e85d8e5759ff,Shetty
2820,svchost.exe,IPv6,TCP,LISTEN,::,49667,::,0,2026-01-16T07:49:18Z,F.D5L3RI10KIT42.H,C.89b5e85d8e5759ff,Shetty
4060,spoolsv.exe,IPv6,TCP,LISTEN,::,49668,::,0,2026-01-16T07:49:19Z,F.D5L3RI10KIT42.H,C.89b5e85d8e5759ff,Shetty
5180,jhi_service.exe,IPv6,TCP,LISTEN,::1,49669,::,0,2026-01-16T07:49:19Z,F.D5L3RI10KIT42.H,C.89b5e85d8e5759ff,Shetty
1224,services.exe,IPv6,TCP,LISTEN,::,49731,::,0,2026-01-16T07:49:23Z,F.D5L3RI10KIT42.H,C.89b5e85d8e5759ff,Shetty
0,,IPv6,TCP,TIME_WAIT,2401:4900:91d7:4b8a:3ca6:4d1c:3e63:581b,52858,2600:140f:d000::1735:f0f0,80,1601-01-01T00:00:00Z,F.D5L3RI10KIT42.H,C.89b5e85d8e5759ff,Shetty
15176,msedgewebview2.exe,IPv6,TCP,ESTAB,2401:4900:91d7:4b8a:3ca6:4d1c:3e63:581b,54506,2603:1040:a03:9::1b6,443,2026-01-16T13:28:28Z,F.D5L3RI10KIT42.H,C.89b5e85d8e5759ff,Shetty
10592,Widgets.exe,IPv6,TCP,FIN_WAIT1,2401:4900:91d7:4b8a:3ca6:4d1c:3e63:581b,54788,2600:140f:5e00:5::17d3:3c6b,443,2026-01-16T13:32:42Z,F.D5L3RI10KIT42.H,C.89b5e85d8e5759ff,Shetty
0,,IPv6,TCP,TIME_WAIT,2401:4900:91d7:4b8a:3ca6:4d1c:3e63:581b,56625,2603:1040:a06:8::421,443,1601-01-01T00:00:00Z,F.D5L3RI10KIT42.H,C.89b5e85d8e5759ff,Shetty
0,,IPv6,TCP,TIME_WAIT,2401:4900:91d7:4b8a:3ca6:4d1c:3e63:581b,58548,2603:1040:a06:8::421,443,1601-01-01T00:00:00Z,F.D5L3RI10KIT42.H,C.89b5e85d8e5759ff,Shetty
0,,IPv6,TCP,TIME_WAIT,2401:4900:91d7:4b8a:3ca6:4d1c:3e63:581b,61142,2603:1040:a06:8::421,443,1601-01-01T00:00:00Z,F.D5L3RI10KIT42.H,C.89b5e85d8e5759ff,Shetty
0,,IPv6,TCP,TIME_WAIT,2401:4900:91d7:4b8a:3ca6:4d1c:3e63:581b,62633,2603:1040:a06:8::421,443,1601-01-01T00:00:00Z,F.D5L3RI10KIT42.H,C.89b5e85d8e5759ff,Shetty
2068,msedge.exe,IPv6,TCP,ESTAB,2401:4900:91d7:4b8a:3ca6:4d1c:3e63:581b,64809,2606:4700:83b1:d8b7:9a76:159:ccf5:ac50,443,2026-01-16T13:28:30Z,F.D5L3RI10KIT42.H,C.89b5e85d8e5759ff,Shetty
4092,svchost.exe,IPv4,UDP,,0.0.0.0,53,,0,2026-01-16T13:02:59Z,F.D5L3RI10KIT42.H,C.89b5e85d8e5759ff,Shetty
8460,svchost.exe,IPv4,UDP,,0.0.0.0,123,,0,2026-01-16T13:28:24Z,F.D5L3RI10KIT42.H,C.89b5e85d8e5759ff,Shetty
4,System,IPv4,UDP,,10.19.234.77,137,,0,2026-01-16T12:59:01Z,F.D5L3RI10KIT42.H,C.89b5e85d8e5759ff,Shetty
4,System,IPv4,UDP,,172.18.224.1,137,,0,2026-01-16T13:01:02Z,F.D5L3RI10KIT42.H,C.89b5e85d8e5759ff,Shetty
4,System,IPv4,UDP,,192.168.56.1,137,,0,2026-01-16T07:49:17Z,F.D5L3RI10KIT42.H,C.89b5e85d8e5759ff,Shetty
4,System,IPv4,UDP,,192.168.64.1,137,,0,2026-01-16T12:58:54Z,F.D5L3RI10KIT42.H,C.89b5e85d8e5759ff,Shetty
4,System,IPv4,UDP,,192.168.217.1,137,,0,2026-01-16T12:59:04Z,F.D5L3RI10KIT42.H,C.89b5e85d8e5759ff,Shetty
4,System,IPv4,UDP,,10.19.234.77,138,,0,2026-01-16T12:59:01Z,F.D5L3RI10KIT42.H,C.89b5e85d8e5759ff,Shetty
4,System,IPv4,UDP,,172.18.224.1,138,,0,2026-01-16T13:01:02Z,F.D5L3RI10KIT42.H,C.89b5e85d8e5759ff,Shetty
4,System,IPv4,UDP,,192.168.56.1,138,,0,2026-01-16T07:49:17Z,F.D5L3RI10KIT42.H,C.89b5e85d8e5759ff,Shetty
4,System,IPv4,UDP,,192.168.64.1,138,,0,2026-01-16T12:58:54Z,F.D5L3RI10KIT42.H,C.89b5e85d8e5759ff,Shetty
4,System,IPv4,UDP,,192.168.217.1,138,,0,2026-01-16T12:59:04Z,F.D5L3RI10KIT42.H,C.89b5e85d8e5759ff,Shetty
12756,svchost.exe,IPv4,UDP,,10.19.234.77,1900,,0,2026-01-16T13:00:59Z,F.D5L3RI10KIT42.H,C.89b5e85d8e5759ff,Shetty
12756,svchost.exe,IPv4,UDP,,127.0.0.1,1900,,0,2026-01-16T13:00:59Z,F.D5L3RI10KIT42.H,C.89b5e85d8e5759ff,Shetty
12756,svchost.exe,IPv4,UDP,,172.18.224.1,1900,,0,2026-01-16T13:00:59Z,F.D5L3RI10KIT42.H,C.89b5e85d8e5759ff,Shetty
12756,svchost.exe,IPv4,UDP,,192.168.56.1,1900,,0,2026-01-16T13:00:59Z,F.D5L3RI10KIT42.H,C.89b5e85d8e5759ff,Shetty
12756,svchost.exe,IPv4,UDP,,192.168.64.1,1900,,0,2026-01-16T13:00:59Z,F.D5L3RI10KIT42.H,C.89b5e85d8e5759ff,Shetty
12756,svchost.exe,IPv4,UDP,,192.168.217.1,1900,,0,2026-01-16T13:00:59Z,F.D5L3RI10KIT42.H,C.89b5e85d8e5759ff,Shetty
4080,svchost.exe,IPv4,UDP,,0.0.0.0,5050,,0,2026-01-16T07:49:24Z,F.D5L3RI10KIT42.H,C.89b5e85d8e5759ff,Shetty
1968,svchost.exe,IPv4,UDP,,0.0.0.0,5353,,0,2026-01-16T13:01:02Z,F.D5L3RI10KIT42.H,C.89b5e85d8e5759ff,Shetty
2068,msedge.exe,IPv4,UDP,,0.0.0.0,5353,,0,2026-01-16T12:26:17Z,F.D5L3RI10KIT42.H,C.89b5e85d8e5759ff,Shetty
2068,msedge.exe,IPv4,UDP,,0.0.0.0,5353,,0,2026-01-16T12:26:17Z,F.D5L3RI10KIT42.H,C.89b5e85d8e5759ff,Shetty
20672,msedge.exe,IPv4,UDP,,0.0.0.0,5353,,0,2026-01-16T13:01:07Z,F.D5L3RI10KIT42.H,C.89b5e85d8e5759ff,Shetty
20672,msedge.exe,IPv4,UDP,,0.0.0.0,5353,,0,2026-01-16T13:01:07Z,F.D5L3RI10KIT42.H,C.89b5e85d8e5759ff,Shetty
20672,msedge.exe,IPv4,UDP,,0.0.0.0,5353,,0,2026-01-16T13:01:07Z,F.D5L3RI10KIT42.H,C.89b5e85d8e5759ff,Shetty
20672,msedge.exe,IPv4,UDP,,0.0.0.0,5353,,0,2026-01-16T13:01:07Z,F.D5L3RI10KIT42.H,C.89b5e85d8e5759ff,Shetty
20672,msedge.exe,IPv4,UDP,,0.0.0.0,5353,,0,2026-01-16T13:01:07Z,F.D5L3RI10KIT42.H,C.89b5e85d8e5759ff,Shetty
2068,msedge.exe,IPv4,UDP,,0.0.0.0,5353,,0,2026-01-16T12:26:17Z,F.D5L3RI10KIT42.H,C.89b5e85d8e5759ff,Shetty
2068,msedge.exe,IPv4,UDP,,0.0.0.0,5353,,0,2026-01-16T12:26:17Z,F.D5L3RI10KIT42.H,C.89b5e85d8e5759ff,Shetty
2068,msedge.exe,IPv4,UDP,,0.0.0.0,5353,,0,2026-01-16T12:26:17Z,F.D5L3RI10KIT42.H,C.89b5e85d8e5759ff,Shetty
1968,svchost.exe,IPv4,UDP,,0.0.0.0,5355,,0,2026-01-16T13:29:02Z,F.D5L3RI10KIT42.H,C.89b5e85d8e5759ff,Shetty
4316,svchost.exe,IPv4,UDP,,127.0.0.1,50782,,0,2026-01-16T07:49:19Z,F.D5L3RI10KIT42.H,C.89b5e85d8e5759ff,Shetty
12756,svchost.exe,IPv4,UDP,,172.18.224.1,57944,,0,2026-01-16T13:00:59Z,F.D5L3RI10KIT42.H,C.89b5e85d8e5759ff,Shetty
12756,svchost.exe,IPv4,UDP,,192.168.56.1,57945,,0,2026-01-16T13:00:59Z,F.D5L3RI10KIT42.H,C.89b5e85d8e5759ff,Shetty
12756,svchost.exe,IPv4,UDP,,192.168.217.1,57946,,0,2026-01-16T13:00:59Z,F.D5L3RI10KIT42.H,C.89b5e85d8e5759ff,Shetty
12756,svchost.exe,IPv4,UDP,,192.168.64.1,57947,,0,2026-01-16T13:00:59Z,F.D5L3RI10KIT42.H,C.89b5e85d8e5759ff,Shetty
12756,svchost.exe,IPv4,UDP,,10.19.234.77,57948,,0,2026-01-16T13:00:59Z,F.D5L3RI10KIT42.H,C.89b5e85d8e5759ff,Shetty
12756,svchost.exe,IPv4,UDP,,127.0.0.1,57949,,0,2026-01-16T13:00:59Z,F.D5L3RI10KIT42.H,C.89b5e85d8e5759ff,Shetty
4092,svchost.exe,IPv4,UDP,,0.0.0.0,64748,,0,2026-01-16T13:02:59Z,F.D5L3RI10KIT42.H,C.89b5e85d8e5759ff,Shetty
4092,svchost.exe,IPv4,UDP,,0.0.0.0,64749,,0,2026-01-16T13:02:59Z,F.D5L3RI10KIT42.H,C.89b5e85d8e5759ff,Shetty
2068,msedge.exe,IPv4,UDP,,0.0.0.0,5353,,0,2026-01-16T12:26:17Z,F.D5L3RI10KIT42.H,C.89b5e85d8e5759ff,Shetty
20672,msedge.exe,IPv4,UDP,,0.0.0.0,5353,,0,2026-01-16T13:01:07Z,F.D5L3RI10KIT42.H,C.89b5e85d8e5759ff,Shetty
2068,msedge.exe,IPv4,UDP,,0.0.0.0,5353,,0,2026-01-16T12:26:17Z,F.D5L3RI10KIT42.H,C.89b5e85d8e5759ff,Shetty
2068,msedge.exe,IPv4,UDP,,0.0.0.0,5353,,0,2026-01-16T12:26:17Z,F.D5L3RI10KIT42.H,C.89b5e85d8e5759ff,Shetty
2068,msedge.exe,IPv4,UDP,,0.0.0.0,5353,,0,2026-01-16T12:26:17Z,F.D5L3RI10KIT42.H,C.89b5e85d8e5759ff,Shetty
2068,msedge.exe,IPv4,UDP,,0.0.0.0,5353,,0,2026-01-16T12:26:17Z,F.D5L3RI10KIT42.H,C.89b5e85d8e5759ff,Shetty
20672,msedge.exe,IPv4,UDP,,0.0.0.0,5353,,0,2026-01-16T13:01:07Z,F.D5L3RI10KIT42.H,C.89b5e85d8e5759ff,Shetty
20672,msedge.exe,IPv4,UDP,,0.0.0.0,5353,,0,2026-01-16T13:01:07Z,F.D5L3RI10KIT42.H,C.89b5e85d8e5759ff,Shetty
20672,msedge.exe,IPv4,UDP,,0.0.0.0,5353,,0,2026-01-16T13:01:07Z,F.D5L3RI10KIT42.H,C.89b5e85d8e5759ff,Shetty
20672,msedge.exe,IPv4,UDP,,0.0.0.0,5353,,0,2026-01-16T13:01:07Z,F.D5L3RI10KIT42.H,C.89b5e85d8e5759ff,Shetty
15636,ms-teams.exe,IPv4,UDP,,0.0.0.0,50086,,0,2026-01-16T07:50:16Z,F.D5L3RI10KIT42.H,C.89b5e85d8e5759ff,Shetty
1968,svchost.exe,IPv4,UDP,,0.0.0.0,51802,,0,2026-01-16T13:32:40Z,F.D5L3RI10KIT42.H,C.89b5e85d8e5759ff,Shetty
1968,svchost.exe,IPv4,UDP,,0.0.0.0,55947,,0,2026-01-16T13:33:36Z,F.D5L3RI10KIT42.H,C.89b5e85d8e5759ff,Shetty
2068,msedge.exe,IPv4,UDP,,0.0.0.0,58825,,0,2026-01-16T13:33:10Z,F.D5L3RI10KIT42.H,C.89b5e85d8e5759ff,Shetty
1968,svchost.exe,IPv4,UDP,,0.0.0.0,60574,,0,2026-01-16T13:32:10Z,F.D5L3RI10KIT42.H,C.89b5e85d8e5759ff,Shetty
2068,msedge.exe,IPv4,UDP,,0.0.0.0,60634,,0,2026-01-16T13:34:06Z,F.D5L3RI10KIT42.H,C.89b5e85d8e5759ff,Shetty
1968,svchost.exe,IPv4,UDP,,0.0.0.0,62004,,0,2026-01-16T13:32:40Z,F.D5L3RI10KIT42.H,C.89b5e85d8e5759ff,Shetty
1968,svchost.exe,IPv4,UDP,,0.0.0.0,62154,,0,2026-01-16T13:34:32Z,F.D5L3RI10KIT42.H,C.89b5e85d8e5759ff,Shetty
2068,msedge.exe,IPv4,UDP,,0.0.0.0,62527,,0,2026-01-16T13:34:06Z,F.D5L3RI10KIT42.H,C.89b5e85d8e5759ff,Shetty
1968,svchost.exe,IPv4,UDP,,0.0.0.0,64617,,0,2026-01-16T13:32:10Z,F.D5L3RI10KIT42.H,C.89b5e85d8e5759ff,Shetty
8460,svchost.exe,IPv6,UDP,,::,123,,0,2026-01-16T13:28:24Z,F.D5L3RI10KIT42.H,C.89b5e85d8e5759ff,Shetty
12756,svchost.exe,IPv6,UDP,,::1,1900,,0,2026-01-16T13:00:59Z,F.D5L3RI10KIT42.H,C.89b5e85d8e5759ff,Shetty
12756,svchost.exe,IPv6,UDP,,fe80::1706:6844:c7f0:7e93,1900,,0,2026-01-16T13:00:59Z,F.D5L3RI10KIT42.H,C.89b5e85d8e5759ff,Shetty
12756,svchost.exe,IPv6,UDP,,fe80::45c6:305d:245c:9747,1900,,0,2026-01-16T13:00:59Z,F.D5L3RI10KIT42.H,C.89b5e85d8e5759ff,Shetty
12756,svchost.exe,IPv6,UDP,,fe80::879d:3c7e:3c14:b58e,1900,,0,2026-01-16T13:00:59Z,F.D5L3RI10KIT42.H,C.89b5e85d8e5759ff,Shetty
12756,svchost.exe,IPv6,UDP,,fe80::a521:7344:dca:fd7e,1900,,0,2026-01-16T13:00:59Z,F.D5L3RI10KIT42.H,C.89b5e85d8e5759ff,Shetty
12756,svchost.exe,IPv6,UDP,,fe80::b7e4:829b:fd42:f0dc,1900,,0,2026-01-16T13:00:59Z,F.D5L3RI10KIT42.H,C.89b5e85d8e5759ff,Shetty
2068,msedge.exe,IPv6,UDP,,::,5353,,0,2026-01-16T12:26:17Z,F.D5L3RI10KIT42.H,C.89b5e85d8e5759ff,Shetty
20672,msedge.exe,IPv6,UDP,,::,5353,,0,2026-01-16T13:01:07Z,F.D5L3RI10KIT42.H,C.89b5e85d8e5759ff,Shetty
2068,msedge.exe,IPv6,UDP,,::,5353,,0,2026-01-16T12:26:17Z,F.D5L3RI10KIT42.H,C.89b5e85d8e5759ff,Shetty
2068,msedge.exe,IPv6,UDP,,::,5353,,0,2026-01-16T12:26:17Z,F.D5L3RI10KIT42.H,C.89b5e85d8e5759ff,Shetty
2068,msedge.exe,IPv6,UDP,,::,5353,,0,2026-01-16T12:26:17Z,F.D5L3RI10KIT42.H,C.89b5e85d8e5759ff,Shetty
2068,msedge.exe,IPv6,UDP,,::,5353,,0,2026-01-16T12:26:17Z,F.D5L3RI10KIT42.H,C.89b5e85d8e5759ff,Shetty
20672,msedge.exe,IPv6,UDP,,::,5353,,0,2026-01-16T13:01:07Z,F.D5L3RI10KIT42.H,C.89b5e85d8e5759ff,Shetty
20672,msedge.exe,IPv6,UDP,,::,5353,,0,2026-01-16T13:01:07Z,F.D5L3RI10KIT42.H,C.89b5e85d8e5759ff,Shetty
20672,msedge.exe,IPv6,UDP,,::,5353,,0,2026-01-16T13:01:07Z,F.D5L3RI10KIT42.H,C.89b5e85d8e5759ff,Shetty
20672,msedge.exe,IPv6,UDP,,::,5353,,0,2026-01-16T13:01:07Z,F.D5L3RI10KIT42.H,C.89b5e85d8e5759ff,Shetty
1968,svchost.exe,IPv6,UDP,,::,5353,,0,2026-01-16T13:01:02Z,F.D5L3RI10KIT42.H,C.89b5e85d8e5759ff,Shetty
1968,svchost.exe,IPv6,UDP,,::,5355,,0,2026-01-16T13:29:02Z,F.D5L3RI10KIT42.H,C.89b5e85d8e5759ff,Shetty
15636,ms-teams.exe,IPv6,UDP,,::,50086,,0,2026-01-16T07:50:16Z,F.D5L3RI10KIT42.H,C.89b5e85d8e5759ff,Shetty
1968,svchost.exe,IPv6,UDP,,::,51802,,0,2026-01-16T13:32:40Z,F.D5L3RI10KIT42.H,C.89b5e85d8e5759ff,Shetty
1968,svchost.exe,IPv6,UDP,,::,55947,,0,2026-01-16T13:33:36Z,F.D5L3RI10KIT42.H,C.89b5e85d8e5759ff,Shetty
12756,svchost.exe,IPv6,UDP,,fe80::879d:3c7e:3c14:b58e,57938,,0,2026-01-16T13:00:59Z,F.D5L3RI10KIT42.H,C.89b5e85d8e5759ff,Shetty
12756,svchost.exe,IPv6,UDP,,fe80::1706:6844:c7f0:7e93,57939,,0,2026-01-16T13:00:59Z,F.D5L3RI10KIT42.H,C.89b5e85d8e5759ff,Shetty
12756,svchost.exe,IPv6,UDP,,fe80::45c6:305d:245c:9747,57940,,0,2026-01-16T13:00:59Z,F.D5L3RI10KIT42.H,C.89b5e85d8e5759ff,Shetty
12756,svchost.exe,IPv6,UDP,,fe80::a521:7344:dca:fd7e,57941,,0,2026-01-16T13:00:59Z,F.D5L3RI10KIT42.H,C.89b5e85d8e5759ff,Shetty
12756,svchost.exe,IPv6,UDP,,fe80::b7e4:829b:fd42:f0dc,57942,,0,2026-01-16T13:00:59Z,F.D5L3RI10KIT42.H,C.89b5e85d8e5759ff,Shetty
12756,svchost.exe,IPv6,UDP,,::1,57943,,0,2026-01-16T13:00:59Z,F.D5L3RI10KIT42.H,C.89b5e85d8e5759ff,Shetty
2068,msedge.exe,IPv6,UDP,,::,58825,,0,2026-01-16T13:33:10Z,F.D5L3RI10KIT42.H,C.89b5e85d8e5759ff,Shetty
1968,svchost.exe,IPv6,UDP,,::,60574,,0,2026-01-16T13:32:10Z,F.D5L3RI10KIT42.H,C.89b5e85d8e5759ff,Shetty
2068,msedge.exe,IPv6,UDP,,::,60634,,0,2026-01-16T13:34:06Z,F.D5L3RI10KIT42.H,C.89b5e85d8e5759ff,Shetty
1968,svchost.exe,IPv6,UDP,,::,62004,,0,2026-01-16T13:32:40Z,F.D5L3RI10KIT42.H,C.89b5e85d8e5759ff,Shetty
1968,svchost.exe,IPv6,UDP,,::,62154,,0,2026-01-16T13:34:32Z,F.D5L3RI10KIT42.H,C.89b5e85d8e5759ff,Shetty
2068,msedge.exe,IPv6,UDP,,::,62527,,0,2026-01-16T13:34:06Z,F.D5L3RI10KIT42.H,C.89b5e85d8e5759ff,Shetty
1968,svchost.exe,IPv6,UDP,,::,64617,,0,2026-01-16T13:32:10Z,F.D5L3RI10KIT42.H,C.89b5e85d8e5759ff,Shetty
4092,svchost.exe,IPv6,UDP,,::,64750,,0,2026-01-16T13:02:59Z,F.D5L3RI10KIT42.H,C.89b5e85d8e5759ff,Shetty
